ID;Verein;Position;Elo;Elo-Rang;Elo-ID;Elo-Name
pl-k00030256;Portugal;FORWARD;1700.2;1625;874;Cristiano Ronaldo
pl-k00030669;Deutschland;GOALKEEPER;2032.5;182;497;M. Neuer
pl-k00033709;Argentinien;FORWARD;1741.3;1331;154;L. Messi
pl-k00033742;Schottland;GOALKEEPER;1412.1;4312;1106;C. Gordon
pl-k00039245;Deutschland;GOALKEEPER;1832.1;832;702;O. Baumann
pl-k00039689;Kroatien;MIDFIELDER;1695.7;1664;754;L. Modrić
pl-k00044089;Belgien;MIDFIELDER;1621.7;2273;20;A. Witsel
pl-k00044560;Bosnien-Herzegowina;FORWARD;1472.4;3713;790;E. Džeko
pl-k00046237;Türkei;GOALKEEPER;1686.0;1731;49837;M. Günok
pl-k00046495;Uruguay;GOALKEEPER;1727.7;1422;429;F. Muslera
pl-k00047058;Österreich;FORWARD;1520.6;3234;18830;M. Arnautović
pl-k00050622;England;MIDFIELDER;1687.3;1720;292;J. Henderson
pl-k00054652;Deutschland;MIDFIELDER;1941.4;397;18970;P. Groß
pl-k00055188;DR Kongo;MIDFIELDER;1234.5;6086;47545;G. Kakuta
pl-k00056751;Neuseeland;FORWARD;1848.0;746;18931;C. Wood
pl-k00056979;Argentinien;DEFENDER;1800.3;976;624;N. Otamendi
pl-k00057241;Tunesien;MIDFIELDER;1648.7;2030;25300;R. Khedira
pl-k00057343;Schweiz;MIDFIELDER;2012.4;229;1464;G. Xhaka
pl-k00057598;Österreich;DEFENDER;1859.8;685;505;D. Alaba
pl-k00057919;Schweden;GOALKEEPER;1527.6;3167;2851;K. Nordfeldt
pl-k00059041;Kroatien;FORWARD;1794.7;1011;726;A. Kramarić
pl-k00059307;Kroatien;FORWARD;1880.9;611;207;I. Perišić
pl-k00059384;Belgien;FORWARD;1925.2;443;907;R. Lukaku
pl-k00059448;Südkorea;GOALKEEPER;1661.6;1929;2892;Kim Seung-Gyu
pl-k00059508;Belgien;GOALKEEPER;2111.7;70;730;T. Courtois
pl-k00059516;Belgien;MIDFIELDER;1943.4;394;629;K. De Bruyne
pl-k00059524;Türkei;MIDFIELDER;1782.6;1078;25448;K. Ayhan
pl-k00060044;Schweiz;DEFENDER;1854.6;713;1631;R. Rodríguez
pl-k00063656;Südkorea;FORWARD;1695.4;1667;186;Son Heung-Min
pl-k00063799;Österreich;FORWARD;1636.9;2138;25297;M. Gregoritsch
pl-k00063855;Neuseeland;FORWARD;1207.3;6358;6865;K. Barbarouses
pl-k00063869;Japan;DEFENDER;1409.2;4341;440;Y. Nagatomo
pl-k00063918;Brasilien;FORWARD;1643.2;2079;276;Neymar
pl-k00064027;Schottland;DEFENDER;1704.1;1594;19066;G. Hanley
pl-k00064038;Türkei;MIDFIELDER;2073.9;111;1640;H. Çalhanoğlu
pl-k00065748;Kap Verde;DEFENDER;1294.7;5485;2331;Stopira
pl-k00066526;Deutschland;DEFENDER;2020.5;218;2285;A. Rüdiger
pl-k00066754;Deutschland;MIDFIELDER;2027.0;197;511;L. Goretzka
pl-k00067156;USA;DEFENDER;1611.8;2365;19023;T. Ream
pl-k00067266;Kroatien;MIDFIELDER;1960.7;356;2291;M. Kovačić
pl-k00067749;Frankreich;DEFENDER;2112.4;67;2724;L. Digne
pl-k00068111;Australien;MIDFIELDER;1380.1;4632;2751;M. Leckie
pl-k00068757;Kolumbien;GOALKEEPER;1687.6;1718;313;D. Ospina
pl-k00069274;Paraguay;GOALKEEPER;1642.0;2089;2497;R. Fernández
pl-k00069568;DR Kongo;FORWARD;1691.1;1696;3033;C. Bakambu
pl-k00069797;England;DEFENDER;1977.7;302;18961;D. Burn
pl-k00070267;Brasilien;DEFENDER;1797.1;999;860;Alex Sandro
pl-k00070270;Brasilien;DEFENDER;1869.8;642;618;Danilo
pl-k00070281;Tschechien;MIDFIELDER;1416.5;4268;25348;V. Darida
pl-k00070495;Belgien;DEFENDER;1884.0;598;264;T. Meunier
pl-k00070592;Deutschland;DEFENDER;2110.8;71;972;J. Tah
pl-k00070605;England;FORWARD;2194.3;27;184;H. Kane
pl-k00070654;Brasilien;MIDFIELDER;2036.1;174;747;Casemiro
pl-k00070756;Bosnien-Herzegowina;DEFENDER;1841.2;777;1442;S. Kolašinac
pl-k00070960;Curacao;FORWARD;1468.7;3749;18981;J. Locadia
pl-k00071150;Deutschland;DEFENDER;2192.6;29;502;J. Kimmich
pl-k00071888;Niederlande;FORWARD;1677.5;1803;667;M. Depay
pl-k00072478;Niederlande;GOALKEEPER;1920.7;455;26232;M. Flekken
pl-k00072654;Frankreich;GOALKEEPER;1969.9;326;22221;M. Maignan
pl-k00072712;Curacao;DEFENDER;1640.4;2104;37175;R. Bazoer
pl-k00072716;Niederlande;DEFENDER;1996.3;260;18861;N. Aké
pl-k00072755;Deutschland;GOALKEEPER;1915.0;477;399;A. Nübel
pl-k00073097;Australien;DEFENDER;1518.4;3256;2742;M. Degenek
pl-k00073206;Österreich;MIDFIELDER;1937.4;406;1159;M. Sabitzer
pl-k00073311;Österreich;MIDFIELDER;1395.3;4480;417;A. Schöpf
pl-k00073393;Ghana;DEFENDER;1699.1;1635;21996;A. Baba
pl-k00073842;Kap Verde;DEFENDER;1462.8;3807;69260;Pico
pl-k00074093;Ägypten;MIDFIELDER;1967.7;334;306;Mohamed Salah
pl-k00074274;Senegal;FORWARD;1236.1;6070;339419;E. Mané
pl-k00074305;Neuseeland;DEFENDER;1280.0;5632;94346;T. Payne
pl-k00074841;Kolumbien;MIDFIELDER;1088.5;7546;52585;Juan Diego Giraldo Quintero
pl-k00074928;England;GOALKEEPER;571.1;12549;114756;C. Jordan
pl-k00074936;Brasilien;DEFENDER;2062.3;133;257;Marquinhos
pl-k00075008;Niederlande;MIDFIELDER;1855.9;707;30432;M. de Roon
pl-k00075023;Portugal;DEFENDER;2049.4;150;855;João Cancelo
pl-k00075027;Schweiz;GOALKEEPER;1737.1;1360;1142;Y. Mvogo
pl-k00075068;Katar;DEFENDER;1408.8;4345;42288;Lucas Mendes
pl-k00075076;Senegal;DEFENDER;2034.9;178;318;K. Koulibaly
pl-k00075102;Kap Verde;FORWARD;1288.1;5551;50270;Ryan Mendes
pl-k00075379;Schweiz;DEFENDER;1764.2;1182;48378;S. Widmer
pl-k00075584;Frankreich;MIDFIELDER;1836.1;808;272;A. Rabiot
pl-k00075612;Bosnien-Herzegowina;MIDFIELDER;1536.2;3083;25129;D. Burnić
pl-k00075628;Türkei;MIDFIELDER;792.0;10502;385761;B. Salih
pl-k00075738;Australien;DEFENDER;1458.1;3854;225;A. Behich
pl-k00075849;Spanien;DEFENDER;1890.0;577;622;Aymeric Laporte
pl-k00075878;Australien;GOALKEEPER;1906.3;516;2741;M. Ryan
pl-k00075963;Ägypten;MIDFIELDER;1519.5;3245;2664;Trézéguet
pl-k00075982;Curacao;DEFENDER;1642.0;2089;706;J. Brenet
pl-k00076167;DR Kongo;DEFENDER;1802.2;966;375;C. Mbemba
pl-k00076249;Kap Verde;GOALKEEPER;1308.2;5350;15304;Vózinha
pl-k00076421;Österreich;DEFENDER;1760.8;1202;25915;P. Mwene
pl-k00076459;England;DEFENDER;1995.4;263;626;J. Stones
pl-k00076681;Ghana;MIDFIELDER;1712.0;1529;82090;B. Thomas-Asante
pl-k00077108;Brasilien;MIDFIELDER;1963.0;350;299;Fabinho
pl-k00077358;Norwegen;GOALKEEPER;1860.8;682;19172;Ø. Nyland
pl-k00077709;Norwegen;MIDFIELDER;1272.3;5708;108490;Kristian Fredrik Malt Arnstad
pl-k00078170;Curacao;GOALKEEPER;1505.0;3389;221;E. Room
pl-k00078181;Frankreich;GOALKEEPER;1919.5;459;21628;B. Samba
pl-k00078543;Kanada;MIDFIELDER;1441.2;4022;50817;J. Osorio
pl-k00078573;Kolumbien;DEFENDER;1719.0;1481;64268;J. Mojica
pl-k00078750;Portugal;MIDFIELDER;2097.9;85;1485;Bruno Fernandes
pl-k00079032;Australien;FORWARD;1420.9;4225;6993;M. Duke
pl-k00079078;Bosnien-Herzegowina;GOALKEEPER;1617.2;2316;9026;N. Vasilj
pl-k00079176;Türkei;MIDFIELDER;658.8;11789;287243;K. Atakan
pl-k00079478;Uruguay;DEFENDER;1867.5;653;31;J. Giménez
pl-k00079504;Österreich;MIDFIELDER;1664.3;1907;719;F. Grillitsch
pl-k00079536;Australien;MIDFIELDER;1367.0;4763;38123;A. Hrustić
pl-k00079543;Deutschland;MIDFIELDER;1795.5;1006;644;L. Sané
pl-k00080083;Deutschland;MIDFIELDER;1693.2;1681;714;N. Amiri
pl-k00080174;Deutschland;DEFENDER;2032.2;183;25368;W. Anton
pl-k00080229;Paraguay;FORWARD;1692.3;1687;2522;A. Sanabria
pl-k00080587;Iran;FORWARD;1537.1;3074;37892;D. Eckert Ayensa
pl-k00080630;Brasilien;DEFENDER;1773.5;1133;24866;Douglas Santos
pl-k00080786;Belgien;MIDFIELDER;2203.8;21;2926;Y. Tielemans
pl-k00081053;Tschechien;DEFENDER;1798.6;988;1231;V. Coufal
pl-k00081250;Belgien;DEFENDER;1916.9;468;69;B. Mechele
pl-k00081362;Kroatien;MIDFIELDER;1800.4;975;2763;M. Pašalić
pl-k00081442;Senegal;GOALKEEPER;1530.3;3140;119853;M. Diaw
pl-k00081465;Spanien;DEFENDER;1910.3;492;563;Álex Grimaldo
pl-k00081503;DR Kongo;MIDFIELDER;1573.1;2728;8627;T. Bongonda
pl-k00081538;Elfenbeinküste;MIDFIELDER;1563.4;2819;3243;J. Seri
pl-k00081694;Kroatien;DEFENDER;1782.8;1076;1084;M. Pongračić
pl-k00081971;Australien;MIDFIELDER;1643.5;2077;2749;J. Irvine
pl-k00082152;Frankreich;DEFENDER;351.2;13541;21801;Martin Lucas
pl-k00082469;Belgien;DEFENDER;1886.6;588;2920;T. Castagne
pl-k00082709;Kap Verde;FORWARD;1459.6;3839;44612;Garry Rodrigues
pl-k00082915;Schweiz;FORWARD;1826.7;854;421;B. Embolo
pl-k00082944;Kolumbien;GOALKEEPER;1569.8;2760;2482;C. Vargas
pl-k00083248;Iran;MIDFIELDER;1604.6;2432;2700;A. Jahanbakhsh
pl-k00083526;Algerien;DEFENDER;1866.2;658;1567;A. Mandi
pl-k00083529;Algerien;FORWARD;1983.3;292;635;R. Mahrez
pl-k00083544;Iran;GOALKEEPER;1665.6;1896;2682;A. Beiranvand
pl-k00083712;Kanada;FORWARD;1694.9;1669;2001;C. Larin
pl-k00083984;Schweden;DEFENDER;1985.0;283;47988;C. Starfelt
pl-k00083987;Schweden;MIDFIELDER;1773.8;1130;48047;J. Karlström
pl-k00084324;Schweiz;MIDFIELDER;1820.7;878;2807;R. Freuler
pl-k00084527;Uruguay;FORWARD;1686.6;1726;16482;R. Aguirre
pl-k00084530;Kanada;DEFENDER;1698.1;1643;51295;D. Cornelius
pl-k00084740;Neuseeland;MIDFIELDER;1425.5;4179;242;R. Thomas
pl-k00084940;Österreich;DEFENDER;1976.1;308;26240;P. Lienhart
pl-k00084943;Österreich;MIDFIELDER;2182.3;32;1157;K. Laimer
pl-k00085071;Österreich;GOALKEEPER;1571.3;2745;7525;A. Schlager
pl-k00085122;Kroatien;FORWARD;1761.4;1198;46746;A. Budimir
pl-k00085245;Portugal;MIDFIELDER;1609.9;2382;161938;Paulo Bernardo
pl-k00085275;Argentinien;GOALKEEPER;1788.4;1044;47296;G. Rulli
pl-k00085276;Argentinien;MIDFIELDER;1847.2;751;2472;R. De Paul
pl-k00085349;Portugal;MIDFIELDER;2114.4;66;2676;Rúben Neves
pl-k00085376;DR Kongo;DEFENDER;1731.0;1403;18816;A. Masuaku
pl-k00085378;Tschechien;GOALKEEPER;1639.7;2111;66347;J. Staněk
pl-k00085465;Kroatien;MIDFIELDER;1742.1;1325;842;N. Vlašić
pl-k00085665;Brasilien;GOALKEEPER;2047.8;152;617;Ederson
pl-k00085696;Belgien;MIDFIELDER;1903.8;524;78;H. Vanaken
pl-k00085778;Tschechien;FORWARD;1881.0;610;794;P. Schick
pl-k00085906;Schottland;DEFENDER;1912.1;484;44811;S. McKenna
pl-k00085917;Schottland;FORWARD;1686.0;1731;45175;L. Shankland
pl-k00086035;Portugal;FORWARD;1940.3;399;925;Gonçalo Guedes
pl-k00086109;Kroatien;DEFENDER;1862.9;674;1902;D. Ćaleta-Car
pl-k00086141;Deutschland;FORWARD;2046.5;155;978;K. Havertz
pl-k00086183;Tschechien;DEFENDER;1811.9;922;2252;T. Holeš
pl-k00086391;Spanien;DEFENDER;1907.2;511;753;Marcos Llorente
pl-k00086584;Ghana;FORWARD;1860.4;684;47294;I. Williams
pl-k00086910;Spanien;FORWARD;1711.8;1531;47348;Borja Iglesias
pl-k00087248;Uruguay;GOALKEEPER;1823.8;868;50077;S. Rochet
pl-k00087254;Kroatien;DEFENDER;1673.3;1833;30827;M. Erlić
pl-k00087278;Norwegen;MIDFIELDER;1677.9;1800;36980;M. Thorsby
pl-k00087371;Bosnien-Herzegowina;GOALKEEPER;1295.1;5481;70480;O. Hadžikić
pl-k00087507;Kap Verde;DEFENDER;1572.8;2731;22139;S. Moreira
pl-k00087512;Haiti;GOALKEEPER;1217.1;6260;87789;J. Placide
pl-k00087534;Frankreich;MIDFIELDER;1840.3;784;2290;N. Kanté
pl-k00087576;Ghana;DEFENDER;1791.3;1028;21633;A. Djiku
pl-k00087673;Schweiz;GOALKEEPER;2011.4;233;25282;G. Kobel
pl-k00087704;Österreich;DEFENDER;1938.1;403;25287;K. Danso
pl-k00087705;Bosnien-Herzegowina;FORWARD;1803.6;960;46930;E. Demirović
pl-k00087735;Türkei;FORWARD;1762.5;1190;49857;İ. Kahveci
pl-k00087750;Deutschland;DEFENDER;1971.0;322;25158;D. Raum
pl-k00087823;Südkorea;MIDFIELDER;1108.1;7350;358335;Jun-Gyu Lee
pl-k00087867;Elfenbeinküste;MIDFIELDER;2078.3;105;1642;F. Kessié
pl-k00087885;Deutschland;FORWARD;1909.0;500;26475;D. Undav
pl-k00088045;Spanien;DEFENDER;2124.2;60;47380;Marc Cucurella
pl-k00088049;Spanien;FORWARD;2058.3;139;1323;Dani Olmo
pl-k00088147;Algerien;GOALKEEPER;1632.4;2179;732;L. Zidane
pl-k00088151;Frankreich;DEFENDER;2243.4;11;1149;D. Upamecano
pl-k00088249;Curacao;FORWARD;1503.4;3405;41627;K. Gorré
pl-k00088739;Uruguay;MIDFIELDER;1919.7;458;2612;G. de Arrascaeta
pl-k00088771;USA;MIDFIELDER;1883.5;601;17;C. Pulišić
pl-k00088970;Ghana;GOALKEEPER;1663.6;1910;3412;L. Zigi
pl-k00089012;Niederlande;FORWARD;1561.9;2833;25416;W. Weghorst
pl-k00089096;Portugal;GOALKEEPER;1803.6;960;1590;José Sá
pl-k00089148;Schweden;DEFENDER;2023.9;206;889;V. Lindelöf
pl-k00089308;Schweiz;MIDFIELDER;1668.4;1874;957;D. Sow
pl-k00089313;Spanien;GOALKEEPER;1902.6;532;47270;Unai Simón
pl-k00089321;Spanien;MIDFIELDER;2165.5;39;44;Rodri
pl-k00089322;Spanien;MIDFIELDER;2206.3;19;47311;Mikel Merino
pl-k00089356;Schweiz;DEFENDER;2073.4;114;5;M. Akanji
pl-k00089361;Schweiz;MIDFIELDER;1882.8;603;2810;D. Zakaria
pl-k00089434;Österreich;MIDFIELDER;1870.3;641;1095;X. Schlager
pl-k00089649;Algerien;DEFENDER;2023.2;208;2194;R. Bensebaïni
pl-k00089655;Tunesien;MIDFIELDER;1708.2;1559;21587;E. Skhiri
pl-k00089781;Haiti;DEFENDER;1629.0;2211;20850;C. Arcus
pl-k00090022;Curacao;FORWARD;1431.0;4124;37272;B. Kuwas
pl-k00090036;England;FORWARD;2025.5;200;19974;I. Toney
pl-k00090042;Österreich;DEFENDER;1747.3;1293;25314;M. Friedl
pl-k00090213;Österreich;DEFENDER;1904.2;523;711;S. Posch
pl-k00090404;Portugal;DEFENDER;1855.6;708;130;Nélson Semedo
pl-k00090515;Spanien;MIDFIELDER;1993.3;265;328;Fabián Ruiz
pl-k00090574;Kroatien;GOALKEEPER;2081.4;103;1305;D. Livaković
pl-k00090698;Australien;FORWARD;1478.1;3656;2755;A. Mabil
pl-k00090828;Schottland;DEFENDER;1775.1;1123;1117;K. Tierney
pl-k00090830;Kap Verde;MIDFIELDER;1428.1;4153;50745;Jamiro Monteiro
pl-k00090873;Türkei;DEFENDER;1880.1;613;18776;Ç. Söyüncü
pl-k00090950;Australien;DEFENDER;1550.6;2942;7038;K. Rowles
pl-k00090958;Brasilien;GOALKEEPER;1427.1;4163;9410;Alisson
pl-k00091055;Spanien;FORWARD;1990.6;269;47323;Mikel Oyarzabal
pl-k00091083;Kroatien;MIDFIELDER;1770.8;1149;1322;N. Moro
pl-k00091090;Schottland;MIDFIELDER;1818.8;885;19077;K. McLean
pl-k00091110;DR Kongo;DEFENDER;1725.3;1435;19182;A. Tuanzebe
pl-k00091130;Österreich;GOALKEEPER;1512.0;3320;7598;P. Pentz
pl-k00091136;Belgien;FORWARD;1590.6;2564;25458;D. Lukebakio
pl-k00091194;Bosnien-Herzegowina;DEFENDER;1453.9;3895;76867;N. Mujakić
pl-k00091289;England;FORWARD;2073.2;116;909;M. Rashford
pl-k00091305;Marokko;DEFENDER;1836.0;809;18814;I. Diop
pl-k00091368;Elfenbeinküste;GOALKEEPER;1721.4;1460;30393;A. Lafont
pl-k00091403;Südkorea;MIDFIELDER;1637.0;2137;24888;Hwang Hee-Chan
pl-k00091409;Frankreich;FORWARD;2014.1;225;278;Kylian Mbappé
pl-k00091463;Schottland;MIDFIELDER;1969.7;328;1125;R. Christie
pl-k00091537;Frankreich;DEFENDER;2197.6;23;1257;J. Koundé
pl-k00091555;Schweiz;DEFENDER;1641.6;2092;48372;E. Cömert
pl-k00091959;Bosnien-Herzegowina;MIDFIELDER;1709.1;1551;50006;A. Hadžiahmetović
pl-k00092246;Frankreich;DEFENDER;738.6;11022;298001;Théo Loridan
pl-k00092347;Kanada;GOALKEEPER;1586.0;2609;51274;M. Crépeau
pl-k00092690;Schweiz;FORWARD;1553.9;2910;48497;C. Itten
pl-k00093122;Portugal;DEFENDER;2125.6;59;567;Rúben Dias
pl-k00093334;DR Kongo;DEFENDER;1784.6;1065;21098;J. Kayembe
pl-k00093378;Kap Verde;DEFENDER;1337.2;5061;41608;Diney Borges
pl-k00093439;Portugal;GOALKEEPER;2020.3;219;46672;Rui Silva
pl-k00093477;Schottland;MIDFIELDER;2169.6;36;19191;J.  McGinn
pl-k00093739;USA;FORWARD;1760.6;1204;427;H. Wright
pl-k00093752;Niederlande;DEFENDER;2020.3;219;226;D. Dumfries
pl-k00093879;DR Kongo;MIDFIELDER;1540.1;3044;48555;C. Pickel
pl-k00093952;Kap Verde;GOALKEEPER;1036.4;8067;41764;Márcio Rosa
pl-k00094296;Marokko;FORWARD;2079.6;104;744;Brahim Díaz
pl-k00094309;Ecuador;FORWARD;1675.6;1816;25414;J. Yeboah
pl-k00094312;Panama;DEFENDER;1455.8;3876;2970;É. Davis
pl-k00094313;Panama;DEFENDER;1336.9;5064;81659;R. Miller
pl-k00094314;Panama;DEFENDER;1657.3;1961;2971;F. Escobar
pl-k00094316;Panama;MIDFIELDER;1316.6;5266;2978;A. Quintero
pl-k00094317;Panama;MIDFIELDER;1675.8;1814;2977;A. Godoy
pl-k00094331;Paraguay;MIDFIELDER;1467.1;3765;2507;M. Almirón
pl-k00094503;Haiti;FORWARD;1448.3;3951;45020;D. Nazon
pl-k00094626;Australien;DEFENDER;1393.6;4497;33847;J. Geria
pl-k00094807;Schweden;FORWARD;2002.8;252;2864;A. Isak
pl-k00094866;Brasilien;FORWARD;2272.5;6;1496;Raphinha
pl-k00094959;Österreich;MIDFIELDER;1720.6;1468;7562;R. Schmid
pl-k00095021;Portugal;GOALKEEPER;2277.4;5;369;Diogo Costa
pl-k00095023;Portugal;DEFENDER;773.7;10683;279693;Bernardo Diogo Fontes
pl-k00095030;Schweiz;MIDFIELDER;1498.0;3458;952;C. Fassnacht
pl-k00095063;Kroatien;MIDFIELDER;1711.2;1536;14395;K. Jakić
pl-k00095107;Bosnien-Herzegowina;MIDFIELDER;1560.4;2847;1324;I. Šunjić
pl-k00095175;Senegal;DEFENDER;1889.6;580;158121;I. Jakobs
pl-k00095198;Schottland;DEFENDER;1730.0;1408;1115;A. Ralston
pl-k00095199;Norwegen;DEFENDER;2024.9;201;1119;K. Ajer
pl-k00095254;Elfenbeinküste;MIDFIELDER;1909.6;496;22149;I. Sangaré
pl-k00095392;DR Kongo;FORWARD;1836.3;807;20649;Y. Wissa
pl-k00095393;Elfenbeinküste;FORWARD;1957.8;363;3246;N. Pépé
pl-k00095604;Irak;GOALKEEPER;860.7;9819;409457;Adam Talib
pl-k00095650;Australien;MIDFIELDER;1578.9;2675;44843;M. Boyle
pl-k00095741;Schweden;MIDFIELDER;1538.9;3056;2860;K. Sema
pl-k00095804;Bosnien-Herzegowina;DEFENDER;1623.4;2257;14301;S. Radeljić
pl-k00095836;Algerien;FORWARD;1537.1;3074;3176;B. Bounedjah
pl-k00095892;Südafrika;DEFENDER;1524.6;3196;46334;A. Modiba
pl-k00095993;Türkei;GOALKEEPER;1795.2;1009;50218;M. Şengezer
pl-k00096154;Brasilien;GOALKEEPER;1808.5;938;2410;Weverton
pl-k00096210;Schweden;DEFENDER;1594.8;2524;8486;E. Smith
pl-k00096455;Iran;MIDFIELDER;1829.6;842;19614;S. Ezatolahi
pl-k00096513;Niederlande;MIDFIELDER;2073.3;115;36905;G. Til
pl-k00096516;Curacao;DEFENDER;1485.3;3585;36970;S. Floranus
pl-k00096664;Katar;FORWARD;1617.4;2314;42075;Edmilson Junior
pl-k00096665;Schottland;GOALKEEPER;1693.9;1677;18933;A. Gunn
pl-k00096721;Algerien;GOALKEEPER;1260.8;5823;21137;A. Mandréa
pl-k00096767;Tschechien;MIDFIELDER;1845.5;758;1243;T. Souček
pl-k00096835;Belgien;FORWARD;2067.0;127;1946;L. Trossard
pl-k00096971;Katar;FORWARD;1707.5;1565;2544;Akram Afif
pl-k00097030;Elfenbeinküste;DEFENDER;1748.4;1285;22002;G. Konan
pl-k00097143;USA;MIDFIELDER;1866.4;657;415;W. McKennie
pl-k00097277;Mexiko;MIDFIELDER;1760.1;1209;35576;O. Pineda
pl-k00097322;Schweiz;MIDFIELDER;1528.6;3157;951;M. Aebischer
pl-k00097376;Algerien;GOALKEEPER;1316.5;5267;23107;A. Guendouz
pl-k00097512;Frankreich;FORWARD;1777.6;1105;25927;J. Mateta
pl-k00097518;Algerien;MIDFIELDER;1941.1;398;658;H. Aouar
pl-k00097593;Kap Verde;MIDFIELDER;1505.9;3380;37435;Deroy Duarte
pl-k00097599;Schottland;DEFENDER;1743.9;1312;44865;J. Souttar
pl-k00097772;Mexiko;DEFENDER;1919.1;461;2881;J. Gallardo
pl-k00097808;Elfenbeinküste;DEFENDER;1686.4;1728;20836;C. Operi
pl-k00097868;Türkei;DEFENDER;2012.4;229;30521;M. Demiral
pl-k00098133;DR Kongo;DEFENDER;1906.3;516;18846;A. Wan-Bissaka
pl-k00098162;England;MIDFIELDER;2217.1;15;2937;D. Rice
pl-k00098210;Ägypten;DEFENDER;803.7;10387;456458;Abdel Karim Shehata
pl-k00098238;DR Kongo;MIDFIELDER;1551.7;2932;3034;M. Elia
pl-k00098347;Iran;MIDFIELDER;1336.9;5064;2699;S. Ghoddos
pl-k00098354;Algerien;MIDFIELDER;1741.7;1328;3173;I. Bennacer
pl-k00098506;Paraguay;MIDFIELDER;1791.0;1031;6236;A. Cubas
pl-k00098535;Ägypten;MIDFIELDER;1337.8;5055;16871;Zizo
pl-k00098554;Marokko;DEFENDER;2193.3;28;9;A. Hakimi
pl-k00098565;DR Kongo;MIDFIELDER;1373.4;4699;44791;A. Tshibola
pl-k00098653;Haiti;DEFENDER;1577.7;2687;1411;H. Delcroix
pl-k00098656;Norwegen;MIDFIELDER;2020.8;216;1934;S. Berge
pl-k00098820;Brasilien;DEFENDER;1322.9;5203;357888;Gabriel
pl-k00098905;Schweiz;DEFENDER;1685.5;1735;48489;M. Muheim
pl-k00099269;USA;DEFENDER;1853.8;717;50737;A. Trusty
pl-k00099343;Panama;DEFENDER;1864.8;663;2973;A. Murillo
pl-k00099347;USA;MIDFIELDER;1979.8;298;1150;T. Adams
pl-k00099370;Kanada;DEFENDER;1649.1;2028;50816;R. Laryea
pl-k00099403;USA;MIDFIELDER;1656.1;1969;51114;C. Roldan
pl-k00099454;Panama;MIDFIELDER;1468.2;3754;50911;Cristian Jesús Martínez
pl-k00099476;USA;GOALKEEPER;1791.4;1027;50999;M. Turner
pl-k00099583;Kanada;DEFENDER;2031.4;185;509;A. Davies
pl-k00099757;Schweden;MIDFIELDER;1612.5;2360;30484;M. Svanberg
pl-k00099758;Bosnien-Herzegowina;DEFENDER;1477.7;3660;53517;D. Hadžikadunić
pl-k00099888;Haiti;DEFENDER;1638.4;2124;20655;J. Duverne
pl-k00099891;Haiti;MIDFIELDER;1652.5;2003;20665;J. Bellegarde
pl-k00099911;Uruguay;MIDFIELDER;1991.6;268;863;R. Bentancur
pl-k00100096;Schottland;MIDFIELDER;1991.8;267;903;S. McTominay
pl-k00100132;Brasilien;DEFENDER;1545.6;2989;9951;Léo
pl-k00100297;Algerien;FORWARD;1717.7;1491;85041;A. Gouiri
pl-k00100729;Brasilien;MIDFIELDER;1781.6;1084;1646;Lucas Paquetá
pl-k00100735;Brasilien;FORWARD;2073.7;112;762;Vinícius Júnior
pl-k00100766;Portugal;FORWARD;2092.8;88;1864;Pedro Neto
pl-k00100782;Spanien;FORWARD;2104.6;74;931;Ferran Torres
pl-k00100789;England;DEFENDER;2065.8;129;67971;M. Guéhi
pl-k00100804;Türkei;DEFENDER;1816.2;899;26300;O. Kabak
pl-k00100814;Türkei;FORWARD;968.5;8746;62316;C. Akgün
pl-k00100992;Australien;MIDFIELDER;1683.5;1754;6913;R. McGree
pl-k00101031;Neuseeland;MIDFIELDER;1309.8;5334;6934;A. Rufer
pl-k00101109;Bosnien-Herzegowina;DEFENDER;1716.4;1498;1741;N. Katić
pl-k00101120;Senegal;GOALKEEPER;1675.9;1813;20566;Y. Diouf
pl-k00101133;England;GOALKEEPER;1857.5;697;19088;D. Henderson
pl-k00101135;England;DEFENDER;2207.5;18;19354;E. Konsa
pl-k00101264;Tschechien;FORWARD;1712.0;1529;818;T. Chorý
pl-k00101285;Uruguay;GOALKEEPER;1663.2;1913;61895;S. Mele
pl-k00101293;Uruguay;MIDFIELDER;1772.9;1137;5995;N. de la Cruz
pl-k00101298;Uruguay;MIDFIELDER;2070.7;121;756;F. Valverde
pl-k00101299;Uruguay;DEFENDER;1792.0;1024;51572;M. Viña
pl-k00101301;Uruguay;FORWARD;1675.4;1817;51603;A. Canobbio
pl-k00101347;Argentinien;DEFENDER;1813.1;915;529;N. Tagliafico
pl-k00101378;Brasilien;MIDFIELDER;1934.2;417;10135;Bruno Guimarães
pl-k00101481;Japan;MIDFIELDER;1897.0;552;2601;D. Kamada
pl-k00101599;Schweden;FORWARD;2130.9;55;18979;V. Gyökeres
pl-k00101605;Brasilien;DEFENDER;1917.1;467;30497;Bremer
pl-k00101629;Portugal;FORWARD;1905.7;518;22236;Rafael Leão
pl-k00101633;Curacao;DEFENDER;1742.2;1324;228;A. Obispo
pl-k00101638;Niederlande;FORWARD;1895.7;556;544;N. Lang
pl-k00101663;England;DEFENDER;807.7;10347;380671;Sebastian Reece Ferdinand
pl-k00101765;Österreich;FORWARD;1594.0;2532;7722;S. Kalajdzic
pl-k00101781;Brasilien;FORWARD;1971.9;320;1165;Matheus Cunha
pl-k00101783;Schweiz;FORWARD;1845.8;756;48471;R. Vargas
pl-k00101913;Panama;MIDFIELDER;1540.4;3041;46855;Y. Bárcenas
pl-k00101917;Panama;GOALKEEPER;1656.6;1965;2968;O. Mosquera
pl-k00102015;Curacao;DEFENDER;1450.7;3927;36857;J. Gaari
pl-k00102117;Senegal;DEFENDER;1813.1;915;25916;M. Niakhaté
pl-k00102402;Niederlande;FORWARD;1964.5;345;249;D. Malen
pl-k00102731;Kroatien;DEFENDER;2165.5;39;125171;J. Stanišić
pl-k00102793;Kap Verde;FORWARD;1413.4;4299;22265;Nuno da Costa
pl-k00102800;Österreich;MIDFIELDER;1919.2;460;715;C. Baumgartner
pl-k00102817;Japan;MIDFIELDER;1809.9;930;2598;R. Dōan
pl-k00103233;DR Kongo;MIDFIELDER;1534.8;3097;21101;S. Moutoussamy
pl-k00103347;Kroatien;FORWARD;1571.8;2740;260865;M. Pašalić
pl-k00103601;Curacao;GOALKEEPER;1077.9;7652;36967;T. Doornbusch
pl-k00103853;Südkorea;DEFENDER;1175.7;6674;34304;Ye-Sung Kim
pl-k00103860;Südkorea;GOALKEEPER;1473.2;3705;2890;Jo Hyeon-Woo
pl-k00103878;Ägypten;FORWARD;2088.8;98;81573;Omar Marmoush
pl-k00104228;Iran;DEFENDER;1262.1;5810;2691;R. Rezaeian
pl-k00104230;Belgien;MIDFIELDER;1686.9;1723;2120;N. Raskin
pl-k00104271;Australien;DEFENDER;1792.6;1020;20079;H. Souttar
pl-k00104317;Deutschland;MIDFIELDER;1906.8;513;137210;A. Stiller
pl-k00104437;Iran;FORWARD;1602.9;2449;29937;A. Hosseinzadeh
pl-k00104441;Bosnien-Herzegowina;GOALKEEPER;1547.3;2973;108370;M. Zlomislić
pl-k00104485;Norwegen;DEFENDER;2043.2;162;24845;J. Ryerson
pl-k00104568;Saudi-Arabien;GOALKEEPER;1680.7;1777;44411;Mohammed Al Owais
pl-k00104581;Saudi-Arabien;MIDFIELDER;1833.5;825;44340;Salem Al Dawsari
pl-k00104617;Kolumbien;MIDFIELDER;1634.8;2158;13376;J. Campaz
pl-k00104729;Iran;MIDFIELDER;1524.6;3196;2697;M. Torabi
pl-k00104730;Iran;MIDFIELDER;1413.4;4299;2683;R. Cheshmi
pl-k00104735;Iran;FORWARD;1849.4;740;42315;M. Taremi
pl-k00104808;Neuseeland;GOALKEEPER;1737.8;1357;18110;M. Crocombe
pl-k00104953;Panama;FORWARD;1484.7;3591;2983;J. Fajardo
pl-k00104975;Japan;MIDFIELDER;1558.9;2862;33321;Keito Nakamura
pl-k00104978;Tschechien;FORWARD;1558.6;2865;66019;A. Hložek
pl-k00105008;Neuseeland;MIDFIELDER;1357.7;4856;94322;C. McCowatt
pl-k00105138;Marokko;GOALKEEPER;1504.2;3397;2703;A. Tagnaouti
pl-k00105180;Deutschland;MIDFIELDER;1921.4;453;128533;J. Leweling
pl-k00105212;Türkei;GOALKEEPER;1734.5;1378;1971;E. Destanoğlu
pl-k00105434;Marokko;DEFENDER;2044.2;159;545;N. Mazraoui
pl-k00105471;Australien;DEFENDER;1348.8;4945;6808;J. Italiano
pl-k00105695;Saudi-Arabien;FORWARD;1584.4;2624;44382;Abdullah Al Hamdan
pl-k00105718;Türkei;DEFENDER;1862.5;676;62323;M. Eskihellaç
pl-k00105800;Kanada;MIDFIELDER;1882.2;604;35570;S. Eustáquio
pl-k00105812;Niederlande;FORWARD;2031.1;186;247;C. Gakpo
pl-k00105828;Tunesien;DEFENDER;913.4;9296;49436;H. Ben Ali
pl-k00105829;Tunesien;DEFENDER;1503.5;3404;2945;D. Bronn
pl-k00105836;Tunesien;FORWARD;971.7;8714;2962;F. Chaouat
pl-k00105876;Schottland;DEFENDER;1685.6;1734;1111;J. Hendry
pl-k00105950;Iran;GOALKEEPER;1405.2;4381;29755;H. Hosseini
pl-k00105955;Iran;MIDFIELDER;1409.6;4337;29775;O. Noorafkan
pl-k00105961;Iran;FORWARD;1491.2;3526;29720;A. Alipour
pl-k00105983;Frankreich;MIDFIELDER;2111.8;69;1271;A. Tchouaméni
pl-k00106053;Curacao;DEFENDER;1402.3;4410;37066;R. van Eijma
pl-k00106087;Japan;DEFENDER;1519.5;3245;33310;T. Ko
pl-k00106095;USA;DEFENDER;1795.4;1007;50735;M. McKenzie
pl-k00106109;Saudi-Arabien;MIDFIELDER;1884.1;597;44349;Mohamed Kanno
pl-k00106186;Saudi-Arabien;GOALKEEPER;1439.8;4036;44473;Abdulquddus Atiah
pl-k00106205;Japan;DEFENDER;1723.6;1445;32887;Y. Sugawara
pl-k00106359;Japan;FORWARD;1499.1;3448;33289;Koki Ogawa
pl-k00106362;USA;MIDFIELDER;1785.5;1060;1138;T. Weah
pl-k00106538;Japan;GOALKEEPER;1587.8;2591;33034;K. Osako
pl-k00106559;Saudi-Arabien;MIDFIELDER;1909.9;493;44315;Abdullah Al Khaibari
pl-k00106597;Marokko;FORWARD;1731.2;1402;2722;A. El Kaabi
pl-k00106599;Ägypten;GOALKEEPER;1486.3;3575;16797;Mohamed El Shenawy
pl-k00106676;Argentinien;FORWARD;2045.7;158;217;Lautaro Martínez
pl-k00106680;Brasilien;DEFENDER;2053.6;145;30424;Ibañez
pl-k00106698;Deutschland;FORWARD;1906.6;514;158054;N. Woltemade
pl-k00106891;Türkei;DEFENDER;898.3;9447;45284;D. Mehmet
pl-k00106912;Senegal;GOALKEEPER;2035.5;176;2986;É. Mendy
pl-k00106928;Deutschland;MIDFIELDER;2037.9;170;637;F. Nmecha
pl-k00107005;Türkei;MIDFIELDER;1882.1;605;37155;O. Kökçü
pl-k00107290;Algerien;DEFENDER;1976.0;309;21138;R. Aït-Nouri
pl-k00107395;Kanada;MIDFIELDER;1677.9;1800;44798;L. Millar
pl-k00107513;Schweiz;FORWARD;1830.9;838;48389;N. Okafor
pl-k00107564;Panama;MIDFIELDER;1763.9;1183;57807;A. Carrasquilla
pl-k00107692;Deutschland;MIDFIELDER;2091.0;94;181812;J. Musiala
pl-k00107693;Deutschland;MIDFIELDER;2012.4;229;203224;F. Wirtz
pl-k00107767;Spanien;GOALKEEPER;2123.4;61;182718;Joan García
pl-k00107833;Niederlande;FORWARD;1853.1;721;38750;B. Brobbey
pl-k00107834;Niederlande;DEFENDER;2262.8;7;38746;J. Timber
pl-k00107835;Niederlande;MIDFIELDER;1806.1;947;38747;Q. Timber
pl-k00107846;Niederlande;FORWARD;1894.1;560;37724;C. Summerville
pl-k00107848;Curacao;DEFENDER;1497.6;3462;194645;S. Sambo
pl-k00108054;Curacao;MIDFIELDER;1353.3;4900;36842;G. Roemeratoe
pl-k00108107;Portugal;FORWARD;1857.6;696;41585;Gonçalo Ramos
pl-k00108493;Panama;MIDFIELDER;1732.5;1394;2979;J. Rodríguez
pl-k00108669;Irak;MIDFIELDER;1518.1;3259;48025;Kevin Yakob
pl-k00108822;Norwegen;FORWARD;2288.6;4;1100;E. Haaland
pl-k00109674;USA;MIDFIELDER;1922.6;448;162037;M. Tillman
pl-k00110076;Türkei;DEFENDER;1975.3;313;1719;M. Müldür
pl-k00110095;Haiti;FORWARD;1081.7;7614;48535;Y. Fortuné
pl-k00110131;Portugal;FORWARD;2077.9;106;41112;Trincão
pl-k00110134;Tunesien;DEFENDER;1544.6;2999;18942;Y. Valery
pl-k00110177;Elfenbeinküste;DEFENDER;2000.0;255;1807;E. Ndicka
pl-k00110243;Niederlande;MIDFIELDER;2039.8;167;542;R. Gravenberch
pl-k00110311;USA;DEFENDER;1881.3;608;126949;C. Richards
pl-k00110341;Tschechien;MIDFIELDER;1815.8;903;66249;P. Bucha
pl-k00110344;Tschechien;DEFENDER;1616.3;2323;1237;J. Zelený
pl-k00110564;Uruguay;MIDFIELDER;1495.7;3481;456688;L. Sanabria
pl-k00110616;Portugal;FORWARD;1986.8;278;583;João Félix
pl-k00110655;Kap Verde;FORWARD;1473.6;3701;1494;Jovane Cabral
pl-k00110676;Belgien;MIDFIELDER;2099.0;81;162714;A. Onana
pl-k00110782;Belgien;FORWARD;1838.2;795;1417;A. Saelemaekers
pl-k00110802;DR Kongo;MIDFIELDER;1624.7;2246;1424;E. Kayembe
pl-k00110835;Tunesien;DEFENDER;1387.3;4560;163068;O. Rekik
pl-k00110964;Argentinien;GOALKEEPER;1975.1;314;2465;J. Musso
pl-k00111030;Kanada;DEFENDER;1724.1;1441;18938;A. Jones
pl-k00111104;Deutschland;DEFENDER;1988.6;274;163189;M. Thiaw
pl-k00111248;Tunesien;DEFENDER;1775.0;1124;50030;M. Talbi
pl-k00111286;Marokko;DEFENDER;1872.5;633;21694;N. Aguerd
pl-k00111312;Neuseeland;GOALKEEPER;1524.0;3202;36777;M. Woud
pl-k00111322;Haiti;FORWARD;1617.4;2314;84087;W. Isidor
pl-k00111323;Algerien;DEFENDER;1663.6;1910;3165;Y. Atal
pl-k00111352;Frankreich;DEFENDER;2254.1;8;22090;W. Saliba
pl-k00111363;Südkorea;MIDFIELDER;1108.1;7350;358335;Jun-Gyu Lee
pl-k00111483;Spanien;DEFENDER;2013.0;228;47519;Pedro Porro
pl-k00111572;Südafrika;DEFENDER;1288.6;5546;163041;B. Cross
pl-k00111733;Schottland;MIDFIELDER;1814.0;910;44814;L. Ferguson
pl-k00111774;Ghana;DEFENDER;1699.1;1635;15900;A. Mumin
pl-k00111857;Südkorea;MIDFIELDER;1672.0;1845;2909;Paik Seung-Ho
pl-k00111860;Kroatien;GOALKEEPER;1761.5;1197;14268;I. Pandur
pl-k00112075;Südkorea;DEFENDER;1175.7;6674;34304;Ye-Sung Kim
pl-k00112076;Südkorea;MIDFIELDER;1920.7;455;2901;Hwang In-Beom
pl-k00112080;Schweiz;FORWARD;1962.4;352;48648;D. Ndoye
pl-k00112101;Schottland;DEFENDER;1581.7;2649;138417;N. Patterson
pl-k00112135;Kolumbien;DEFENDER;1913.3;482;1929;J. Lucumí
pl-k00112730;Südkorea;DEFENDER;1544.2;3003;280358;J. Castrop
pl-k00112780;Japan;DEFENDER;1840.6;781;2597;T. Tomiyasu
pl-k00112823;Curacao;FORWARD;1449.4;3940;906;T. Chong
pl-k00112868;Usbekistan;FORWARD;1776.9;1112;53535;E. Shomurodov
pl-k00112936;Kroatien;GOALKEEPER;1669.5;1865;524;D. Kotarski
pl-k00113011;Usbekistan;FORWARD;1436.5;4069;53834;D. Khamdamov
pl-k00113069;DR Kongo;GOALKEEPER;1369.2;4741;48501;T. Fayulu
pl-k00113146;Panama;DEFENDER;1667.6;1880;7197;A. Andrade
pl-k00113185;USA;DEFENDER;1736.5;1362;50852;J. Scally
pl-k00113214;England;MIDFIELDER;2212.2;17;19170;M. Rogers
pl-k00113407;England;FORWARD;2223.2;13;1460;B. Saka
pl-k00113510;Mexiko;MIDFIELDER;1740.1;1340;750;Álvaro Fidalgo
pl-k00113695;Iran;GOALKEEPER;1509.5;3345;2681;P. Niazmand
pl-k00113749;Irak;GOALKEEPER;1475.1;3686;53886;Jalal Hassan Hachim
pl-k00113754;Irak;DEFENDER;1347.6;4957;15769;Frans Putros
pl-k00113759;Irak;FORWARD;1080.0;7631;53894;Mohanad Ali
pl-k00113856;Usbekistan;GOALKEEPER;1484.9;3589;73534;U. Yusupov
pl-k00113866;Usbekistan;MIDFIELDER;1526.6;3177;53835;O. Hamrobekov
pl-k00113867;Usbekistan;MIDFIELDER;1506.4;3375;50272;O. Shukurov
pl-k00113914;Argentinien;DEFENDER;1778.8;1100;6;L. Balerdi
pl-k00113916;Katar;MIDFIELDER;1524.4;3198;2545;Hassan Al Haydos
pl-k00113920;Katar;MIDFIELDER;1528.3;3160;2537;Karim Boudiaf
pl-k00113922;Katar;FORWARD;1130.7;7124;308915;Yousef Saaed Ahmed
pl-k00113924;Katar;DEFENDER;1673.1;1835;2530;Pedro Miguel
pl-k00113925;Katar;MIDFIELDER;1491.2;3526;2533;Abdulaziz Hatem
pl-k00113926;Katar;DEFENDER;1710.3;1545;2532;Boualem Khoukhi
pl-k00113927;Katar;MIDFIELDER;1522.2;3219;2539;Ahmed Fathi
pl-k00113930;Katar;FORWARD;1600.8;2468;2543;Almoez Ali
pl-k00113932;Katar;MIDFIELDER;1525.0;3192;2535;Assim Madibo
pl-k00113966;Saudi-Arabien;DEFENDER;1881.0;610;44475;Abdulelah Al Amri
pl-k00113975;Usbekistan;FORWARD;1418.2;4252;53836;J. Masharipov
pl-k00114084;Jordanien;DEFENDER;1555.2;2897;53900;Yazan Al Arab
pl-k00114094;Jordanien;DEFENDER;1486.0;3578;53902;Ehsan Haddad
pl-k00114256;Ecuador;GOALKEEPER;1619.4;2295;81224;M. Ramírez
pl-k00114257;Ecuador;DEFENDER;1581.5;2651;2575;J. Porozo
pl-k00114277;Ecuador;FORWARD;1868.7;647;16369;G. Plata
pl-k00114290;Paraguay;MIDFIELDER;1598.3;2491;70767;B. Ojeda
pl-k00114307;Paraguay;GOALKEEPER;1613.6;2349;70852;O. Gill
pl-k00114317;Uruguay;MIDFIELDER;1642.6;2083;108563;R. Zalazar
pl-k00114376;Argentinien;DEFENDER;1796.5;1002;6231;F. Medina
pl-k00114540;Argentinien;MIDFIELDER;1145.9;6972;75847;Adán Alexis Félix Bravo
pl-k00114736;Deutschland;FORWARD;1931.3;429;158644;M. Beier
pl-k00114740;Ghana;MIDFIELDER;1586.3;2606;3608;K. Sibo
pl-k00114872;Curacao;FORWARD;1512.8;3312;161884;S. Hansen
pl-k00114972;Kanada;GOALKEEPER;1789.3;1040;51148;D. St. Clair
pl-k00114978;Kanada;MIDFIELDER;1767.9;1164;51016;T. Buchanan
pl-k00114996;USA;GOALKEEPER;1654.6;1983;50728;M. Freese
pl-k00115053;Japan;DEFENDER;1512.1;3319;33165;A. Seko
pl-k00115136;Japan;FORWARD;1857.1;700;72155;A. Ueda
pl-k00115263;Elfenbeinküste;DEFENDER;1868.7;647;30504;W. Singo
pl-k00115533;Kroatien;FORWARD;1778.5;1101;202696;I. Matanović
pl-k00115539;Südafrika;FORWARD;1553.0;2919;98936;L. Foster
pl-k00115605;Schottland;GOALKEEPER;1608.3;2397;44937;L. Kelly
pl-k00115622;Paraguay;DEFENDER;1899.8;541;6168;O. Alderete
pl-k00115737;Kolumbien;FORWARD;1300.5;5427;393877;Jorge Luis Rivaldo Pinto
pl-k00115738;Kolumbien;GOALKEEPER;1732.8;1392;2481;Á. Montero
pl-k00115740;Argentinien;DEFENDER;2046.0;157;2467;Lisandro Martínez
pl-k00115744;Mexiko;FORWARD;1977.3;305;2889;A. Vega
pl-k00115782;Paraguay;MIDFIELDER;1659.6;1942;70566;M. Villasanti
pl-k00115794;Paraguay;DEFENDER;1605.3;2425;70732;J. Canale
pl-k00115803;Panama;GOALKEEPER;1648.5;2032;2967;L. Mejía
pl-k00115806;Panama;DEFENDER;1498.0;3458;2975;C. Blackman
pl-k00115934;Kolumbien;DEFENDER;1893.6;562;13571;W. Ditta
pl-k00116010;Spanien;MIDFIELDER;2168.8;37;47315;Martín Zubimendi
pl-k00116395;Türkei;DEFENDER;1151.9;6912;203689;F. Eren
pl-k00116479;Senegal;MIDFIELDER;1773.2;1136;41552;P. Ciss
pl-k00116517;Portugal;MIDFIELDER;2098.6;83;128384;Vitinha
pl-k00116544;Spanien;FORWARD;1830.7;839;184226;Yeremy Pino
pl-k00116568;Tschechien;GOALKEEPER;1799.4;982;269349;L. Horníček
pl-k00116607;Portugal;DEFENDER;1894.7;558;161939;Tomás Araújo
pl-k00116618;England;GOALKEEPER;2028.9;190;162489;J. Trafford
pl-k00116621;England;DEFENDER;2007.2;243;158694;T. Livramento
pl-k00116627;England;FORWARD;2137.5;52;136723;N. Madueke
pl-k00116636;Belgien;GOALKEEPER;1975.1;314;162511;S. Lammens
pl-k00116650;Belgien;FORWARD;2160.9;42;1422;J. Doku
pl-k00116718;DR Kongo;MIDFIELDER;1538.8;3057;129670;N. Mbuku
pl-k00116727;Irak;DEFENDER;1476.4;3673;145465;Hussein Ali
pl-k00116730;Schweden;MIDFIELDER;1910.6;490;153430;A. Elanga
pl-k00116735;Bosnien-Herzegowina;MIDFIELDER;1595.9;2514;70514;A. Gigović
pl-k00117047;Kap Verde;GOALKEEPER;1832.2;831;163200;C. dos Santos
pl-k00117048;USA;DEFENDER;2100.8;79;38735;S. Dest
pl-k00117066;Norwegen;MIDFIELDER;1812.4;919;39143;K. Thorstvedt
pl-k00117247;Haiti;GOALKEEPER;919.1;9239;123742;J. Duverger
pl-k00117251;Haiti;DEFENDER;1673.5;1831;12303;Ricardo Ade
pl-k00117544;Senegal;DEFENDER;1729.4;1410;174881;M. Mbow
pl-k00117605;Neuseeland;DEFENDER;1541.3;3032;94344;N. Pijnaker
pl-k00117607;Neuseeland;MIDFIELDER;1479.8;3639;94333;E. Just
pl-k00117608;Neuseeland;MIDFIELDER;1740.4;1338;94541;J. Bell
pl-k00117610;Neuseeland;MIDFIELDER;1241.3;6018;6935;S. Singh
pl-k00117612;Neuseeland;DEFENDER;1554.9;2900;6931;L. Cacace
pl-k00117615;Neuseeland;DEFENDER;1432.0;4114;6932;C. Elliot
pl-k00117616;Neuseeland;FORWARD;1437.3;4061;6938;B. Waine
pl-k00117619;Katar;GOALKEEPER;1636.3;2144;136503;Salah Zakaria
pl-k00117627;Katar;MIDFIELDER;1318.1;5251;71400;Yusuf Abdurisag
pl-k00117630;Katar;DEFENDER;1558.1;2869;175439;Homam Ahmed
pl-k00117636;Katar;GOALKEEPER;1337.7;5056;42055;Shehab Ellethy
pl-k00117676;Ägypten;DEFENDER;1068.7;7744;477901;Khaled Ahmed
pl-k00117677;Ägypten;MIDFIELDER;1325.5;5177;2660;Nabil Emad Dunga
pl-k00117727;Saudi-Arabien;DEFENDER;1886.0;590;44594;Saud Abdulhamid
pl-k00117731;Saudi-Arabien;DEFENDER;1943.9;393;44362;Hassan Tambakti
pl-k00117738;Saudi-Arabien;MIDFIELDER;1539.9;3046;44701;Khalid Al Ghannam
pl-k00117763;Südafrika;FORWARD;1374.5;4688;179893;O. Appollis
pl-k00117780;Panama;MIDFIELDER;1673.1;1835;71230;C. Harvey
pl-k00117789;Panama;FORWARD;1180.3;6628;57910;T. Rodríguez
pl-k00117900;Südafrika;GOALKEEPER;1535.2;3093;3275;R. Williams
pl-k00117968;DR Kongo;FORWARD;1702.9;1603;20674;S. Banza
pl-k00117979;Algerien;MIDFIELDER;1681.4;1772;4399;H. Boudaoui
pl-k00118072;Österreich;DEFENDER;1682.2;1764;7090;M. Svoboda
pl-k00118242;Paraguay;MIDFIELDER;1904.5;521;106485;Maurício
pl-k00118244;Tunesien;GOALKEEPER;1235.9;6072;49424;A. Dahmen
pl-k00118384;USA;FORWARD;1810.7;927;73868;R. Pepi
pl-k00118385;Kanada;MIDFIELDER;1489.4;3544;50826;J. Shaffelburg
pl-k00118662;Tschechien;GOALKEEPER;948.3;8948;811;J. Kovařík
pl-k00118670;Tschechien;DEFENDER;1714.5;1511;128772;D. Zima
pl-k00118676;Tschechien;MIDFIELDER;1658.7;1947;66387;P. Šulc
pl-k00118737;Schweden;DEFENDER;1952.8;373;47969;G. Gudmundsson
pl-k00118751;Schottland;FORWARD;1732.2;1396;19524;C. Adams
pl-k00118755;USA;MIDFIELDER;1646.4;2051;161921;G. Reyna
pl-k00118788;Brasilien;FORWARD;2141.1;49;127769;Gabriel Martinelli
pl-k00119808;Algerien;MIDFIELDER;1823.7;869;129047;R. Zerrouki
pl-k00119829;Portugal;DEFENDER;2083.3;101;263482;Nuno Mendes
pl-k00120081;Elfenbeinküste;DEFENDER;1954.4;370;48119;O. Kossounou
pl-k00120099;Tschechien;DEFENDER;1701.0;1618;66407;L. Krejčí
pl-k00120125;Tschechien;MIDFIELDER;1401.4;4419;66253;T. Ladra
pl-k00121256;DR Kongo;DEFENDER;1356.1;4872;8445;D. Batubinsika
pl-k00121357;Schweden;FORWARD;1798.4;989;48002;B. Nygren
pl-k00121878;Elfenbeinküste;FORWARD;1804.8;955;137303;E. Guessand
pl-k00121912;Tschechien;MIDFIELDER;1690.2;1704;66353;L. Provod
pl-k00123095;Spanien;MIDFIELDER;1967.0;336;182219;Álex Baena
pl-k00123112;Südkorea;MIDFIELDER;1108.1;7350;358335;Jun-Gyu Lee
pl-k00123303;USA;FORWARD;1843.3;765;138835;F. Balogun
pl-k00123383;Mexiko;DEFENDER;1703.2;1600;35544;J. Vásquez
pl-k00123466;Mexiko;MIDFIELDER;1776.3;1116;35970;L. Romo
pl-k00123544;Neuseeland;FORWARD;1408.7;4346;158688;J. Randall
pl-k00123553;Neuseeland;DEFENDER;1385.7;4576;179856;B. Old
pl-k00123555;Neuseeland;MIDFIELDER;1657.5;1959;179862;M. Stamenić
pl-k00123602;Niederlande;GOALKEEPER;2144.3;47;129058;B. Verbruggen
pl-k00123610;Spanien;MIDFIELDER;2365.2;1;133609;Pedri
pl-k00123844;Ecuador;DEFENDER;2109.2;72;127817;P. Hincapié
pl-k00123857;Ecuador;FORWARD;1517.6;3264;237122;J. Mercado
pl-k00123858;Ecuador;MIDFIELDER;1730.6;1405;237078;P. Vite
pl-k00123893;Haiti;MIDFIELDER;1052.5;7906;237142;C. Sainté
pl-k00123957;Frankreich;FORWARD;2099.2;80;156477;R. Cherki
pl-k00123960;Südkorea;DEFENDER;587.0;12417;452374;I. Lee
pl-k00123962;Südkorea;DEFENDER;587.0;12417;452374;I. Lee
pl-k00123977;Südkorea;MIDFIELDER;1658.4;1950;237050;Eom Ji-Sung
pl-k00123994;Belgien;FORWARD;1872.0;634;147859;C. De Ketelaere
pl-k00124742;Australien;GOALKEEPER;1361.2;4821;6870;P. Izzo
pl-k00124769;Australien;DEFENDER;1545.8;2987;153622;K. Trewin
pl-k00124790;Australien;GOALKEEPER;1427.4;4160;7029;J. Gauci
pl-k00124795;Australien;DEFENDER;1504.6;3393;6908;N. Atkinson
pl-k00124798;Australien;MIDFIELDER;1553.3;2916;6904;C. Metcalfe
pl-k00124901;Australien;MIDFIELDER;1701.9;1612;6832;C. Devlin
pl-k00124927;England;MIDFIELDER;2062.7;132;129718;J. Bellingham
pl-k00124952;Spanien;GOALKEEPER;2315.5;3;19465;David Raya
pl-k00124965;England;FORWARD;2212.2;17;19366;O. Watkins
pl-k00124974;Ghana;FORWARD;2116.9;64;19281;A. Semenyo
pl-k00125047;England;DEFENDER;1975.9;310;19235;D. Spence
pl-k00125107;Katar;GOALKEEPER;1721.3;1461;42021;Meshaal Barsham
pl-k00125116;Saudi-Arabien;DEFENDER;1890.7;574;44335;Hassan Kadesh
pl-k00125119;Saudi-Arabien;MIDFIELDER;1854.9;711;44339;Nasser Al Dawsari
pl-k00125123;Saudi-Arabien;FORWARD;1411.4;4319;44551;Saleh Al Shehri
pl-k00125129;Tunesien;DEFENDER;1181.4;6617;2950;A. Mohamed
pl-k00125181;Frankreich;FORWARD;2195.3;26;19617;M. Olise
pl-k00125266;Kap Verde;DEFENDER;1963.9;347;21997;Logan Costa
pl-k00125275;Schottland;DEFENDER;1871.7;635;44871;A. Hickey
pl-k00125311;Schottland;FORWARD;1520.4;3236;45307;L. Dykes
pl-k00125406;Schottland;FORWARD;1626.9;2228;45078;R. Stewart
pl-k00125655;Ghana;GOALKEEPER;1335.5;5078;144709;J. Anang
pl-k00125842;Kanada;DEFENDER;1921.9;452;78547;A. Johnston
pl-k00125872;USA;MIDFIELDER;1860.8;682;201713;S. Berhalter
pl-k00125875;Kanada;DEFENDER;1701.4;1615;78494;J. Waterman
pl-k00125972;Curacao;MIDFIELDER;1354.8;4885;309763;L. Comenencia
pl-k00126190;Marokko;MIDFIELDER;1624.0;2253;129678;A. Ounahi
pl-k00126214;Belgien;DEFENDER;1935.1;414;162007;M. De Cuyper
pl-k00126579;Ecuador;DEFENDER;2170.9;35;16367;W. Pacho
pl-k00126585;Ecuador;MIDFIELDER;1704.4;1591;16360;A. Franco
pl-k00126598;Kroatien;FORWARD;1626.5;2232;66055;P. Musa
pl-k00126826;Uruguay;FORWARD;1668.8;1871;70078;F. Pellistri
pl-k00126882;Uruguay;MIDFIELDER;1871.4;637;153083;E. Martínez
pl-k00128608;Südkorea;GOALKEEPER;1036.0;8071;237217;Shin Song-Hun
pl-k00128763;Usbekistan;DEFENDER;1403.1;4402;34121;R. Ashurmatov
pl-k00128790;Schweiz;GOALKEEPER;1561.2;2840;123468;M. Keller
pl-k00128826;Usbekistan;MIDFIELDER;1459.0;3845;65576;J. Iskanderov
pl-k00128987;Portugal;DEFENDER;2344.9;2;41621;Matheus Nunes
pl-k00129004;Südkorea;DEFENDER;1736.4;1363;197985;Seol Young-Woo
pl-k00129073;Kolumbien;FORWARD;1300.5;5427;393877;Jorge Luis Rivaldo Pinto
pl-k00129218;Schweiz;MIDFIELDER;1773.6;1132;264705;A. Jashari
pl-k00129313;Kap Verde;MIDFIELDER;1460.5;3830;265556;Telmo Arcanjo
pl-k00129317;Portugal;DEFENDER;2112.3;68;265595;Gonçalo Inácio
pl-k00129414;Belgien;DEFENDER;1806.4;946;204043;A. Theate
pl-k00129425;Schottland;FORWARD;1728.9;1413;8794;G. Hirst
pl-k00129671;Deutschland;DEFENDER;1747.2;1294;280074;N. Brown
pl-k00129904;Usbekistan;MIDFIELDER;1199.0;6441;73424;Jasurbek Jaloliddinov
pl-k00130230;Brasilien;FORWARD;1985.5;281;265785;Luiz Henrique
pl-k00130252;Österreich;MIDFIELDER;1936.1;411;7328;N. Seiwald
pl-k00130356;Frankreich;DEFENDER;1884.0;598;20995;M. Lacroix
pl-k00130453;Schottland;DEFENDER;1578.1;2683;19987;D. Hyam
pl-k00130739;Elfenbeinküste;DEFENDER;1739.0;1347;135068;E. Agbadou
pl-k00130790;Türkei;MIDFIELDER;2006.8;245;214463;İ. Yüksek
pl-k00130795;Norwegen;MIDFIELDER;1956.5;367;39064;P. Berg
pl-k00131106;Südkorea;FORWARD;1694.5;1672;34710;Oh Hyeon-Gyu
pl-k00131344;Türkei;DEFENDER;1740.5;1337;278159;A. Kaplan
pl-k00131539;Kroatien;DEFENDER;2225.4;12;129033;J. Gvardiol
pl-k00131547;Tschechien;FORWARD;1618.9;2300;66340;J. Kuchta
pl-k00131579;Haiti;FORWARD;1240.5;6026;162733;R. Providence
pl-k00131658;Irak;MIDFIELDER;1285.2;5580;282065;Youssef Amyn
pl-k00131688;Bosnien-Herzegowina;DEFENDER;1782.1;1081;7318;A. Dedić
pl-k00131780;Türkei;FORWARD;2024.5;204;142959;K. Aktürkoğlu
pl-k00131834;Ecuador;GOALKEEPER;1581.8;2648;16380;H. Galíndez
pl-k00131847;Irak;MIDFIELDER;1056.6;7865;100079;P. Gwargis
pl-k00131930;Schweiz;MIDFIELDER;1789.1;1041;163032;F. Rieder
pl-k00131945;Frankreich;DEFENDER;2051.6;148;161907;M. Gusto
pl-k00132051;Brasilien;MIDFIELDER;1773.6;1132;275170;Danilo
pl-k00132098;Belgien;DEFENDER;1752.9;1254;162141;K. De Winter
pl-k00132107;Marokko;MIDFIELDER;2005.3;247;161897;I. Saibari
pl-k00132159;Ghana;DEFENDER;1412.7;4306;191240;M. Senaya
pl-k00132220;Tschechien;MIDFIELDER;1486.9;3569;290212;D. Višinský
pl-k00132314;Paraguay;FORWARD;1647.6;2040;70670;I. Pitta
pl-k00132423;Paraguay;GOALKEEPER;1403.6;4397;51733;G. Olveira
pl-k00132544;Haiti;GOALKEEPER;899.5;9435;174768;A. Pierre
pl-k00132694;Australien;DEFENDER;1779.1;1098;337587;J. Bos
pl-k00132741;Elfenbeinküste;FORWARD;1747.4;1292;162707;E. Wahi
pl-k00132788;Schweden;DEFENDER;1860.8;682;47985;E. Holm
pl-k00132797;Norwegen;DEFENDER;1272.3;5708;108490;Kristian Fredrik Malt Arnstad
pl-k00132802;Tunesien;FORWARD;1556.3;2886;57518;S. Tounekti
pl-k00132816;Kroatien;MIDFIELDER;1875.8;625;295026;M. Baturina
pl-k00133004;Spanien;FORWARD;2013.8;226;183799;Nico Williams
pl-k00133116;Uruguay;MIDFIELDER;1814.8;906;51494;M. Ugarte
pl-k00133238;Portugal;FORWARD;1824.6;863;161585;Francisco Conceição
pl-k00133267;Katar;FORWARD;1105.9;7372;42089;Mohammed Muntari
pl-k00133274;Ghana;MIDFIELDER;1480.8;3629;353609;I. Sulemana
pl-k00133304;Mexiko;FORWARD;2028.7;191;35532;J. Quiñones
pl-k00133309;Ägypten;GOALKEEPER;416.9;13396;337975;Ramadan Mostafa
pl-k00133310;Ägypten;DEFENDER;1450.3;3931;2654;Mohamed Hany
pl-k00133311;Ägypten;DEFENDER;1402.8;4405;16804;Yasser Ibrahim
pl-k00133370;Curacao;FORWARD;1443.4;4000;163220;J. Antonisse
pl-k00133399;Österreich;DEFENDER;1750.0;1274;126640;D. Affengruber
pl-k00133439;Südkorea;DEFENDER;1175.7;6674;34304;Ye-Sung Kim
pl-k00133529;Senegal;FORWARD;1421.5;4219;460859;M.Dieng
pl-k00133547;Belgien;DEFENDER;1967.8;333;304228;Z. Debast
pl-k00133569;Japan;GOALKEEPER;1825.8;859;304782;T. Hayakawa
pl-k00133609;Österreich;MIDFIELDER;1347.1;4962;138935;C. Chukwuemeka
pl-k00133745;Südkorea;DEFENDER;587.0;12417;452374;I. Lee
pl-k00133783;Norwegen;MIDFIELDER;1867.5;653;301528;A. Schjelderup
pl-k00133862;Australien;MIDFIELDER;1658.6;1948;269539;P. Yazbek
pl-k00133883;Südkorea;DEFENDER;1469.6;3741;34239;Cho Yu-Min
pl-k00133933;USA;GOALKEEPER;1757.0;1228;266606;C. Brady
pl-k00133968;Kanada;MIDFIELDER;1633.8;2167;294824;N. Saliba
pl-k00134174;Bosnien-Herzegowina;MIDFIELDER;1384.1;4592;162222;I. Bašić
pl-k00134218;Tunesien;MIDFIELDER;1487.9;3559;310196;Ismaël Gharbi
pl-k00134234;Elfenbeinküste;FORWARD;1813.4;913;301771;S. Adingra
pl-k00134321;Paraguay;MIDFIELDER;1686.4;1728;195107;D. Bobadilla
pl-k00134390;Paraguay;FORWARD;1502.2;3417;6483;G. Ávalos
pl-k00134534;Australien;FORWARD;1501.1;3428;312459;N. Velupillay
pl-k00134779;Belgien;DEFENDER;1804.4;957;312964;N. Ngoy
pl-k00135031;Türkei;FORWARD;1047.4;7957;504067;A. Güler
pl-k00135245;Kap Verde;FORWARD;1614.8;2338;113580;Willy Semedo
pl-k00135290;DR Kongo;GOALKEEPER;1505.0;3389;314509;M. Epolo
pl-k00135346;Schweiz;DEFENDER;1636.8;2139;162414;A. Amenda
pl-k00135361;Südkorea;MIDFIELDER;1689.3;1708;304958;Yang Hyun-Jun
pl-k00135523;Türkei;DEFENDER;1764.6;1181;62490;S. Akaydin
pl-k00135740;Tunesien;MIDFIELDER;1704.3;1592;199310;A. Ben Slimane
pl-k00135917;Irak;DEFENDER;1505.8;3381;271444;Merchas Doski
pl-k00136083;Schweiz;FORWARD;1575.7;2705;123469;Z. Amdouni
pl-k00136321;Panama;MIDFIELDER;1267.4;5757;57875;C. Yanis
pl-k00136322;Panama;FORWARD;1578.5;2679;51648;C. Waterman
pl-k00136435;Österreich;DEFENDER;1753.6;1250;7327;A. Prass
pl-k00136539;Curacao;MIDFIELDER;1263.1;5800;37461;K. Felida
pl-k00136686;Haiti;FORWARD;1381.9;4614;128766;L. Deedson
pl-k00136687;Haiti;DEFENDER;1198.6;6445;190747;M. Expérience
pl-k00136731;Algerien;MIDFIELDER;1635.7;2150;83831;I. Kebbal
pl-k00136758;Ägypten;MIDFIELDER;1588.9;2581;70535;Ibrahim Adel
pl-k00136761;Ägypten;MIDFIELDER;1498.4;3455;17269;Emam Ashour
pl-k00136773;Neuseeland;GOALKEEPER;1487.4;3564;94360;A. Paulsen
pl-k00136788;Australien;MIDFIELDER;1541.8;3027;288109;A. Robertson
pl-k00136888;Niederlande;GOALKEEPER;1936.6;409;194536;R. Roefs
pl-k00136965;Südafrika;MIDFIELDER;1468.1;3755;3287;T. Mokoena
pl-k00136970;Südafrika;FORWARD;1369.2;4741;201354;E. Makgopa
pl-k00137012;Saudi-Arabien;MIDFIELDER;1738.0;1355;147812;Ayman Yahya
pl-k00137173;Tunesien;FORWARD;1615.3;2333;42012;E. Achouri
pl-k00137174;Kap Verde;FORWARD;1256.8;5863;309182;Gilson Benchimol
pl-k00137234;Mexiko;MIDFIELDER;1672.2;1843;313383;O. Vargas
pl-k00137302;Algerien;MIDFIELDER;1822.1;874;4408;A. Zorgane
pl-k00137656;Türkei;FORWARD;786.0;10561;145477;E. Aydinel
pl-k00137667;Türkei;FORWARD;937.9;9052;498252;Ahmet Yilmaz
pl-k00137668;Tunesien;MIDFIELDER;1585.5;2614;49469;M. Ben Ouanes
pl-k00137741;Ghana;DEFENDER;1610.6;2375;3418;N. Opoku
pl-k00137800;Tunesien;FORWARD;1560.4;2847;323974;E. Saad
pl-k00138529;Deutschland;MIDFIELDER;2091.7;91;328033;A. Pavlović
pl-k00138530;Österreich;MIDFIELDER;1866.8;656;327895;P. Wanner
pl-k00138680;Curacao;MIDFIELDER;1296.9;5463;162199;A. Martha
pl-k00138684;Kanada;MIDFIELDER;1735.8;1369;328046;I. Koné
pl-k00138719;Argentinien;MIDFIELDER;2004.9;248;323935;G. Simeone
pl-k00138744;Spanien;MIDFIELDER;2075.0;108;296667;Gavi
pl-k00138868;Irak;MIDFIELDER;1336.3;5070;48129;A. Sher
pl-k00139020;Bosnien-Herzegowina;FORWARD;1343.2;5001;314377;S. Baždar
pl-k00139075;Iran;MIDFIELDER;662.0;11758;30387;Amir Mohammad Panahi
pl-k00139246;Tunesien;MIDFIELDER;1505.1;3388;67195;H. Mahmoud
pl-k00139251;Jordanien;DEFENDER;920.0;9230;409515;Ali Ahmad Hajabi
pl-k00139300;Ghana;MIDFIELDER;1392.2;4511;337426;A. Boakye
pl-k00139302;Algerien;FORWARD;1668.2;1875;200139;M. Amoura
pl-k00139305;Norwegen;MIDFIELDER;1983.8;288;314511;A. Nusa
pl-k00139390;Südkorea;FORWARD;1772.4;1141;34211;Cho Gue-Sung
pl-k00140879;Frankreich;FORWARD;2027.6;194;161904;B. Barcola
pl-k00140950;Marokko;DEFENDER;1370.8;4725;326183;R. Halhal
pl-k00140953;Elfenbeinküste;FORWARD;1749.9;1275;275651;A. Bonny
pl-k00141102;Senegal;FORWARD;2088.9;97;283058;N. Jackson
pl-k00141182;Iran;DEFENDER;1598.2;2492;29704;S. Khalilzadeh
pl-k00141184;Iran;DEFENDER;1432.7;4107;136880;Saleh Hardani
pl-k00141205;Norwegen;GOALKEEPER;1421.6;4218;264378;S. Tangvik
pl-k00141214;Schweden;DEFENDER;1883.9;599;137721;G. Lagerbielke
pl-k00141222;Irak;MIDFIELDER;876.5;9663;159178;Hiran Ahmed
pl-k00141224;Schweden;MIDFIELDER;1559.5;2856;47696;A. Bernhardsson
pl-k00141284;Frankreich;FORWARD;1876.7;623;274300;M. Akliouche
pl-k00141360;Türkei;FORWARD;877.8;9650;419676;M. Yildiz
pl-k00141367;Belgien;FORWARD;1850.0;734;335056;Diego Moreira
pl-k00141370;Portugal;MIDFIELDER;2183.0;31;335051;João Neves
pl-k00141474;Mexiko;FORWARD;1838.9;791;94562;S. Giménez
pl-k00141476;Mexiko;MIDFIELDER;1908.7;503;266345;É. Lira
pl-k00141489;Usbekistan;FORWARD;1372.1;4712;72128;I. Sergeev
pl-k00141673;Australien;MIDFIELDER;1534.3;3102;338014;N. Irankunda
pl-k00143231;Australien;DEFENDER;1720.1;1472;348568;A. Circati
pl-k00143329;Belgien;GOALKEEPER;1801.4;970;340151;M. Penders
pl-k00143335;Irak;MIDFIELDER;1431.2;4122;284295;Zidane Iqbal
pl-k00143407;Schweiz;DEFENDER;1691.1;1696;349344;L. Jaquez
pl-k00143445;Brasilien;DEFENDER;974.6;8685;197315;Wesley
pl-k00143483;England;DEFENDER;1951.5;376;158698;J. Quansah
pl-k00143488;Spanien;DEFENDER;1884.5;595;295793;Marc Pubill
pl-k00143512;Schottland;MIDFIELDER;1606.4;2415;343576;B. Doak
pl-k00143529;Ägypten;DEFENDER;1610.8;2373;196343;Mohamed Abdelmonem
pl-k00143532;Ägypten;MIDFIELDER;1435.5;4079;16841;Mohanad Lasheen
pl-k00143569;Neuseeland;DEFENDER;1542.3;3022;210165;F. Surman
pl-k00143579;Kap Verde;DEFENDER;1488.7;3551;142016;João Paulo
pl-k00143659;Ghana;MIDFIELDER;1578.1;2683;303467;A. Fatawu
pl-k00143899;Elfenbeinküste;FORWARD;1409.6;4337;334429;O. Diakité
pl-k00143945;Haiti;MIDFIELDER;1471.6;3721;338367;D. Jean-Jacques
pl-k00144041;Brasilien;FORWARD;1706.0;1578;377122;Endrick
pl-k00144238;Saudi-Arabien;MIDFIELDER;1835.5;813;306380;Musab Al Juwayr
pl-k00144265;Australien;GOALKEEPER;1477.9;3658;353883;P. Beach
pl-k00144518;Frankreich;FORWARD;2046.1;156;343027;D. Doué
pl-k00144561;USA;DEFENDER;1631.1;2192;355994;A. Freeman
pl-k00144605;Kanada;FORWARD;1659.7;1941;351587;T. Oluwaseyi
pl-k00144663;Marokko;MIDFIELDER;1900.8;538;340573;B. El Khannouss
pl-k00144754;Portugal;DEFENDER;1610.6;2375;161702;Danilo Veiga
pl-k00144871;Argentinien;DEFENDER;1374.1;4692;414480;Juan Valentín Giménez
pl-k00145425;Ecuador;MIDFIELDER;1467.2;3764;16465;K. Minda
pl-k00145451;Kanada;MIDFIELDER;1362.3;4810;284061;M. Flores
pl-k00145456;Mexiko;GOALKEEPER;1435.1;4083;35769;C. Acevedo
pl-k00145558;Paraguay;MIDFIELDER;1532.2;3122;305832;M. Galarza
pl-k00145676;Ghana;FORWARD;1689.6;1706;350856;E. Nuamah
pl-k00145875;Kanada;MIDFIELDER;1821.6;876;362145;A. Ahmed
pl-k00145891;DR Kongo;MIDFIELDER;2072.9;117;365331;N. Sadiki
pl-k00146045;Marokko;FORWARD;1790.0;1035;336659;C. Talbi
pl-k00146190;Senegal;DEFENDER;1374.8;4685;66840;M. Mamadou
pl-k00146196;Frankreich;MIDFIELDER;2067.2;126;336657;W. Zaïre-Emery
pl-k00146292;Türkei;FORWARD;1131.8;7113;302370;A. Uzun
pl-k00146999;Schweden;DEFENDER;1593.5;2537;47903;H. Ekdal
pl-k00147020;Algerien;DEFENDER;1658.2;1952;271539;J. Hadjam
pl-k00147223;Mexiko;MIDFIELDER;1597.8;2496;35690;L. Chávez
pl-k00147623;Curacao;FORWARD;1635.3;2153;195067;J. Margaritha
pl-k00147672;Tschechien;DEFENDER;1683.2;1756;128793;D. Jurásek
pl-k00147699;Tschechien;MIDFIELDER;1544.1;3004;162194;L. Červ
pl-k00147716;Tschechien;FORWARD;1617.3;2315;66275;M. Chytil
pl-k00147775;Tschechien;DEFENDER;1512.3;3317;337740;Š. Chaloupek
pl-k00147820;Elfenbeinküste;DEFENDER;549.0;12701;303433;Diallo Ousmane
pl-k00147890;Tschechien;DEFENDER;1770.8;1149;162964;R. Hranáč
pl-k00147896;Algerien;DEFENDER;1586.5;2604;20869;S. Chergui
pl-k00147948;Elfenbeinküste;GOALKEEPER;848.6;9940;502646;K. Mohamed
pl-k00147960;Haiti;FORWARD;1515.8;3282;174915;J. Casimir
pl-k00148046;DR Kongo;DEFENDER;1438.1;4053;199767;S. Kapuadi
pl-k00148180;DR Kongo;DEFENDER;1500.1;3438;24245;G. Kalulu
pl-k00148187;Algerien;MIDFIELDER;1786.5;1054;276670;F. Chaïbi
pl-k00148545;Algerien;FORWARD;1593.0;2542;292924;A. Benbouali
pl-k00148588;Norwegen;MIDFIELDER;1618.7;2302;277930;T. Aasgaard
pl-k00148743;DR Kongo;GOALKEEPER;1452.5;3909;24012;L. Mpasi
pl-k00148899;Curacao;DEFENDER;1421.6;4218;353808;Deveron Fonville
pl-k00149093;Algerien;MIDFIELDER;1638.6;2122;20692;H. Abdelli
pl-k00149102;Frankreich;GOALKEEPER;1703.0;1602;347211;R. Risser
pl-k00149128;Kap Verde;MIDFIELDER;1710.6;1542;96512;Kevin Pina
pl-k00149146;Algerien;MIDFIELDER;1780.6;1089;380587;I. Maza
pl-k00149335;Niederlande;MIDFIELDER;2071.7;119;92993;M. Wieffer
pl-k00149496;Kap Verde;FORWARD;1347.2;4961;343287;D. Livramento
pl-k00149895;Algerien;DEFENDER;1540.6;3039;284935;M. Dorval
pl-k00150098;Elfenbeinküste;DEFENDER;1883.8;600;161747;G. Doué
pl-k00150138;Bosnien-Herzegowina;MIDFIELDER;1582.5;2641;329409;E. Bajraktarevic
pl-k00150653;Norwegen;MIDFIELDER;1492.1;3517;278133;Oscar Bobb
pl-k00150687;Schweden;DEFENDER;1927.2;439;137976;I. Hien
pl-k00150715;Brasilien;FORWARD;1171.5;6716;311404;Pedro Igor
pl-k00150839;Schweden;GOALKEEPER;1693.5;1679;48033;J. Widell Zetterström
pl-k00151785;Saudi-Arabien;DEFENDER;1908.2;506;44507;Ali Lajami
pl-k00151824;Ecuador;GOALKEEPER;1426.7;4167;16642;G. Valle
pl-k00151835;Marokko;DEFENDER;1521.6;3224;278898;C. Riad
pl-k00151939;England;MIDFIELDER;2015.5;224;284322;K. Mainoo
pl-k00151949;Bosnien-Herzegowina;MIDFIELDER;1524.8;3194;264094;B. Tahirović
pl-k00151950;Kanada;GOALKEEPER;1547.3;2973;284554;O. Goodman
pl-k00151994;Saudi-Arabien;GOALKEEPER;1888.1;583;193288;Nawaf Al Aqidi
pl-k00151999;Katar;MIDFIELDER;1466.8;3768;200981;Jassem Gaber
pl-k00152134;Argentinien;FORWARD;1106.7;7364;70807;Martín José Giménez
pl-k00152144;Niederlande;DEFENDER;1977.5;304;341642;J. Hato
pl-k00152225;Schweden;MIDFIELDER;1417.5;4258;350850;B. Zeneli
pl-k00152229;Saudi-Arabien;DEFENDER;1720.9;1465;383175;Zakaria Al Hawsawi
pl-k00152337;Ecuador;FORWARD;1680.7;1777;361966;K. Rodríguez
pl-k00152382;Norwegen;GOALKEEPER;1590.7;2563;39082;E. Selvik
pl-k00152578;Haiti;MIDFIELDER;1062.1;7810;194242;D. Simon
pl-k00152897;DR Kongo;MIDFIELDER;1799.4;982;375598;N. Mukau
pl-k00153055;Elfenbeinküste;MIDFIELDER;1497.8;3460;263228;P. Guiagon
pl-k00153481;Kolumbien;MIDFIELDER;1669.4;1866;324034;G. Puerta
pl-k00153492;Schweden;MIDFIELDER;1789.9;1036;347316;L. Bergvall
pl-k00153529;Ghana;DEFENDER;1471.4;3723;369425;J. Adjetey
pl-k00153553;Ägypten;MIDFIELDER;1521.2;3228;190575;Marwan Attia
pl-k00153748;Curacao;MIDFIELDER;1510.2;3338;406846;T. Noslin
pl-k00153779;Schweiz;MIDFIELDER;1732.9;1391;406244;J. Manzambi
pl-k00154062;Belgien;FORWARD;1783.7;1069;340077;M. Fernandez-Pardo
pl-k00154134;USA;DEFENDER;1543.8;3007;362400;M. Arfsten
pl-k00154861;Mexiko;MIDFIELDER;1993.7;264;35981;M. Ruiz
pl-k00155566;Ghana;GOALKEEPER;1114.2;7289;392258;P. Reverson
pl-k00155772;Spanien;FORWARD;2253.5;9;386828;Lamine Yamal
pl-k00155823;Kroatien;DEFENDER;1702.6;1606;387521;L. Vušković
pl-k00155860;Ecuador;MIDFIELDER;1613.0;2355;406303;K. Páez
pl-k00156015;Deutschland;MIDFIELDER;1857.2;699;494131;L. Karl
pl-k00156130;Brasilien;FORWARD;1853.5;719;407806;Rayan
pl-k00156476;Panama;DEFENDER;1841.9;773;57739;J. Córdoba
pl-k00156642;Ecuador;GOALKEEPER;1534.9;3096;354318;L. Loor
pl-k00156668;Usbekistan;DEFENDER;2062.3;133;360114;A. Khusanov
pl-k00156671;Usbekistan;DEFENDER;1214.2;6289;358427;J. Urozov
pl-k00156680;Usbekistan;MIDFIELDER;1184.1;6590;363723;S. Esanov
pl-k00156869;Südkorea;MIDFIELDER;1531.7;3127;357286;Bae Jun-Ho
pl-k00157020;Spanien;DEFENDER;2213.8;16;396623;Pau Cubarsí Paredes
pl-k00157077;Irak;MIDFIELDER;779.7;10624;490292;Sajjad Jasim
pl-k00157528;Norwegen;DEFENDER;1815.9;902;265782;D. Møller Wolfe
pl-k00157538;Kanada;DEFENDER;1520.3;3237;416901;N. Sigur
pl-k00157541;Kroatien;MIDFIELDER;1613.4;2351;284869;T. Fruk
pl-k00157754;Belgien;DEFENDER;1859.1;688;375974;J. Seys
pl-k00157847;Kolumbien;MIDFIELDER;1648.6;2031;289592;K. Castaño
pl-k00158117;Panama;FORWARD;1533.1;3114;292396;A. Londoño
pl-k00158296;Senegal;FORWARD;1714.3;1513;400948;Assane Diao
pl-k00158506;Bosnien-Herzegowina;MIDFIELDER;1506.9;3371;322101;A. Memić
pl-k00158727;Australien;DEFENDER;1751.3;1264;20457;C. Burgess
pl-k00158935;Marokko;MIDFIELDER;1967.0;336;277003;N. El Aynaoui
pl-k00159168;Österreich;GOALKEEPER;1454.4;3890;221605;F. Wiegele
pl-k00159278;Kap Verde;DEFENDER;1776.1;1118;332056;Wagner Pina
pl-k00159373;Algerien;DEFENDER;1581.2;2654;303362;R. Belghali
pl-k00159375;Marokko;DEFENDER;1832.2;831;283252;Z. El Ouahdi
pl-k00159775;Usbekistan;FORWARD;1164.5;6786;312231;Ruslanbek Jiyanov
pl-k00159810;Kanada;DEFENDER;1282.2;5610;327738;L. De Fougerolles
pl-k00159983;Kap Verde;FORWARD;714.7;11256;96515;Adílio Varela
pl-k00160199;Ecuador;FORWARD;1279.4;5638;350799;Jeremy Arévalo
pl-k00160498;Bosnien-Herzegowina;MIDFIELDER;1262.3;5808;340173;Ermin Mahmić
pl-k00160664;Algerien;FORWARD;1654.8;1981;296333;M. Bakrar
pl-k00161073;Südafrika;DEFENDER;1450.9;3925;392387;O. Makhanya
pl-k00161351;Senegal;DEFENDER;1529.9;3144;371839;I. Camara
pl-k00161633;Marokko;MIDFIELDER;1751.3;1264;438688;A. Bouaddi
pl-k00161642;Türkei;DEFENDER;1701.6;1614;412703;Yusuf Akçiçek
pl-k00162106;Neuseeland;MIDFIELDER;1454.9;3885;405957;L. Bayliss
pl-k00162640;Usbekistan;DEFENDER;1198.8;6443;395128;A. Karimov
pl-k00162760;Iran;MIDFIELDER;1135.3;7078;423753;A. Razzaghinia
pl-k00162762;Iran;FORWARD;1157.8;6853;423759;K. Taheri
pl-k00162785;Uruguay;FORWARD;1589.1;2579;51530;F. Viñas
pl-k00162898;Bosnien-Herzegowina;MIDFIELDER;1481.2;3625;395559;Kerim-Sam Alajbegović
pl-k00162977;DR Kongo;FORWARD;1425.7;4177;179699;F. Mayele
pl-k00163051;Südafrika;GOALKEEPER;1168.2;6749;46245;R. Goss
pl-k00163067;Südafrika;DEFENDER;1486.4;3574;46458;N. Sibisi
pl-k00163078;Südafrika;DEFENDER;1500.9;3430;46601;K. Mudau
pl-k00163084;Südafrika;MIDFIELDER;1490.4;3534;268710;J. Adams
pl-k00163113;Irak;GOALKEEPER;1048.1;7950;197933;Ahmed Basil
pl-k00163118;Algerien;DEFENDER;1525.9;3184;4569;M. Tougai
pl-k00163127;Irak;MIDFIELDER;1394.5;4488;140747;Ibraheem Bayesh
pl-k00163129;Irak;MIDFIELDER;1436.4;4070;47792;Amir Al Ammari
pl-k00163131;Irak;MIDFIELDER;913.6;9294;348089;Hasan Abdulkareem
pl-k00163134;Irak;FORWARD;1336.6;5067;49451;Aymen Hussein
pl-k00163135;Irak;FORWARD;1390.5;4528;299813;Ali Al Hamadi
pl-k00163292;Jordanien;DEFENDER;763.8;10778;409513;Arafat Mohammad Fahid
pl-k00163294;Jordanien;MIDFIELDER;1413.9;4294;310785;Mohannad Abu Taha
pl-k00163295;Jordanien;MIDFIELDER;1412.1;4312;213980;Nizar Al Rashdan
pl-k00163296;Jordanien;GOALKEEPER;664.0;11738;213985;Ahmad Juaidi
pl-k00163300;Jordanien;FORWARD;1522.8;3213;164026;Ali Olwan
pl-k00163301;Jordanien;MIDFIELDER;1552.7;2922;140609;Noor Al Rawabdeh
pl-k00163310;Jordanien;MIDFIELDER;1139.4;7037;104242;Rajaei Ayed
pl-k00163313;Jordanien;FORWARD;1374.1;4692;123530;Mahmoud Al Mardi
pl-k00163335;Usbekistan;DEFENDER;1205.9;6372;73482;I. Abdullaev
pl-k00163343;Usbekistan;DEFENDER;1407.8;4355;73510;U. Eshmurodov
pl-k00163344;Usbekistan;DEFENDER;1518.2;3258;72122;K. Alijonov
pl-k00164068;Marokko;MIDFIELDER;1686.0;1731;415431;S. El Mourabet
pl-k00164170;Katar;MIDFIELDER;1623.2;2259;42286;Ahmed Al Ganehi
pl-k00164204;Ägypten;DEFENDER;927.8;9152;318315;Ahmed Hossam
pl-k00164206;Jordanien;GOALKEEPER;909.5;9335;163884;Abdallah Al Fakhouri
pl-k00164207;Jordanien;DEFENDER;885.2;9577;72140;Saleem Obaid
pl-k00164234;Irak;DEFENDER;1394.9;4484;296373;Zayed Tahseen
pl-k00164244;Algerien;DEFENDER;1202.4;6407;4561;Z. Belaïd
pl-k00164280;Iran;MIDFIELDER;1038.8;8043;342495;F. Yousefi
pl-k00164281;Saudi-Arabien;GOALKEEPER;1286.6;5566;44449;Ahmed Al Kassar
pl-k00164282;Iran;MIDFIELDER;799.5;10428;290707;Mohammad Mehdi Ahmadi
pl-k00164341;Usbekistan;FORWARD;1332.3;5110;65584;A. Amonov
pl-k00164366;Algerien;FORWARD;1585.4;2615;334915;F. Ghedjemis
pl-k00164434;Schweden;MIDFIELDER;1128.2;7149;360565;A. Ali
pl-k00164504;Marokko;FORWARD;1629.4;2207;369544;Gessime Yassine
pl-k00165013;Algerien;FORWARD;1787.0;1051;326067;A. Hadj-Moussa
pl-k00165535;Japan;FORWARD;1284.8;5584;422572;K. Shiogai
pl-k00165936;Irak;MIDFIELDER;1215.3;6278;265448;M. Farji
pl-k00165980;Iran;MIDFIELDER;1483.2;3605;341844;M. Ghorbani
pl-k00166588;Kolumbien;MIDFIELDER;1521.1;3229;13151;J. Portilla
pl-k00166769;Panama;DEFENDER;1385.4;4579;57667;J. Ramos
pl-k00166848;Paraguay;FORWARD;1597.9;2495;95460;A. Arce
pl-k00167795;Haiti;DEFENDER;1308.8;5344;275367;W. Paugain
pl-k00168538;Mexiko;GOALKEEPER;1815.5;904;270774;J. Rangel
pl-k00168586;Panama;DEFENDER;1434.6;4088;328148;E. Fariña
pl-k00168599;Paraguay;DEFENDER;1656.9;1964;35808;G. Velázquez
pl-k00169048;Tschechien;FORWARD;1158.5;6846;271869;C. Kabongo
pl-k00169114;Ägypten;MIDFIELDER;1060.5;7826;69196;Mahmoud Saber
pl-k00169120;Paraguay;MIDFIELDER;1337.7;5056;70762;H. Caballero
pl-k00169163;Neuseeland;DEFENDER;1537.9;3066;430835;Tyler Bindon
pl-k00169646;Ghana;MIDFIELDER;1573.0;2729;475575;Caleb Marfo Yirenkyi
pl-k00169738;Tschechien;MIDFIELDER;1219.6;6235;386837;A. Sojka
pl-k00170043;Algerien;MIDFIELDER;1496.8;3470;327599;Y. Titraoui
pl-k00171059;Norwegen;DEFENDER;1787.8;1048;39254;T. Heggem
pl-k00172013;DR Kongo;MIDFIELDER;1385.7;4576;279482;B. Cipenga
pl-k00172054;Türkei;FORWARD;797.8;10445;62091;F. Deniz
pl-k00172178;Elfenbeinküste;MIDFIELDER;1606.5;2414;474591;C. Inao Oulaï
pl-k00172237;Ghana;FORWARD;1375.1;4682;410016;P. Adu
pl-k00172933;Schottland;MIDFIELDER;1503.0;3409;433272;Findlay Curtis
pl-k00173156;Neuseeland;DEFENDER;1615.2;2334;94405;F. de Vries
pl-k00173161;Australien;DEFENDER;1474.0;3697;426480;L. Herrington
pl-k00173746;Bosnien-Herzegowina;DEFENDER;1523.2;3210;395589;N. Čelik
pl-k00174370;Spanien;FORWARD;1773.5;1133;338751;Víctor Muñoz
pl-k00174671;Japan;FORWARD;1670.7;1855;375930;K. Goto
pl-k00174699;Mexiko;MIDFIELDER;1538.1;3064;482605;G. Mora
pl-k00176354;Norwegen;DEFENDER;1721.5;1459;180937;H. Falchener
pl-k00176368;Südafrika;DEFENDER;1434.9;4085;430078;S. Kabini
pl-k00176529;Ägypten;FORWARD;1131.6;7115;506384;Hamza Abdelkarim
pl-k00177011;Saudi-Arabien;DEFENDER;1836.6;804;202381;Moteb Al Harbi
pl-k00177016;Südafrika;FORWARD;1407.7;4356;127429;I. Rayners
pl-k00177713;Tschechien;MIDFIELDER;1380.6;4627;555437;H. Sochurek
pl-k00177949;Haiti;DEFENDER;1260.9;5822;102505;D. Lacroix
pl-k00177969;Saudi-Arabien;DEFENDER;1845.9;755;134995;Nawaf Boushal
pl-k00177972;Saudi-Arabien;MIDFIELDER;1851.3;728;269172;Ziyad Al Johani
pl-k00177974;Saudi-Arabien;FORWARD;1307.6;5356;44322;Abdullah Al Salem
pl-k00177978;Saudi-Arabien;DEFENDER;2006.8;245;44367;Ali Majrashi
pl-k00177981;Panama;DEFENDER;1328.6;5147;57803;J. Gutiérrez
pl-k00178067;Tunesien;FORWARD;1430.1;4133;566059;R. Elloumi
pl-k00178191;Südafrika;DEFENDER;1460.3;3832;406752;I. Okon
pl-k00179915;Jordanien;FORWARD;747.6;10933;432841;Ibrahim Sabra
pl-k00180202;Ghana;DEFENDER;1590.1;2569;404172;K. Peprah Oppong
pl-k00180334;Tunesien;FORWARD;923.8;9192;344862;H. Mastouri
pl-k00181348;Tunesien;DEFENDER;1128.7;7144;393977;A. Arous
pl-k00181848;Australien;MIDFIELDER;1340.5;5028;441269;Paul Michael Junior Okon-Engstler
pl-k00182019;Paraguay;DEFENDER;877.7;9651;129802;E. Maidana
pl-k00182504;Saudi-Arabien;MIDFIELDER;1714.2;1514;2639;Sultan Mandash
pl-k00182644;Saudi-Arabien;MIDFIELDER;1936.7;408;403087;Mohammed Abu Al Shamat
pl-k00182788;Saudi-Arabien;DEFENDER;1936.7;408;403087;Mohammed Abu Al Shamat
pl-k00182789;Saudi-Arabien;DEFENDER;1529.4;3149;543059;J. Thakri
pl-k00183122;Jordanien;DEFENDER;1276.3;5668;102538;M. Abualnadi
pl-k00183124;Jordanien;DEFENDER;1346.7;4966;213978;Saed Al Rosan
pl-k00183130;Jordanien;MIDFIELDER;1023.7;8194;198211;Amer Jamous
pl-k00183139;Jordanien;FORWARD;883.2;9597;409444;Ali Ahmad Azaizeh
pl-k00183142;Jordanien;FORWARD;1079.1;7640;492980;Odeh Al Fakhouri
pl-k00183298;Usbekistan;MIDFIELDER;1329.7;5136;73522;A. Mozgovoy
pl-k00183340;Iran;GOALKEEPER;941.6;9015;409495;M. Khalifeh
pl-k00183407;Kap Verde;MIDFIELDER;951.7;8914;128007;Yannick Semedo
pl-k00183839;Saudi-Arabien;MIDFIELDER;1480.6;3631;43953;Ala Al Hajji
pl-k00184849;Katar;GOALKEEPER;1501.8;3421;42207;Mahmud Abunada
pl-k00184850;Katar;DEFENDER;1464.0;3796;542548;A. Al Oui
pl-k00184851;Katar;FORWARD;1197.4;6457;423737;Tahsin Jamshid
pl-k00185671;Ghana;GOALKEEPER;888.6;9543;214311;F. Asare
pl-k00185831;Haiti;DEFENDER;1191.6;6515;573613;K. Thermoncy
pl-k00186303;Iran;FORWARD;910.4;9326;89912;Hadi Habibinejad
pl-k00186316;Katar;DEFENDER;1247.8;5953;42025;Hussain Bahzad
pl-k00186383;Marokko;DEFENDER;1492.5;3513;146772;Y. Belammari
pl-k00186771;Südafrika;GOALKEEPER;1498.6;3453;46417;S. Chaine
pl-k00186772;Südafrika;DEFENDER;1107.2;7359;330174;T. Matuludi
pl-k00186773;Südafrika;DEFENDER;1600.2;2474;510799;M. Mbokazi
pl-k00186806;Südafrika;FORWARD;1451.5;3919;414149;R. Mofokeng
pl-k00187286;Algerien;FORWARD;1551.7;2932;329163;A. Boulbina
pl-k00187495;Algerien;FORWARD;1339.1;5042;533838;B. Redouane
pl-k00187691;Senegal;MIDFIELDER;1774.4;1126;630895;Bara Ndiaye
pl-k00192544;Ecuador;FORWARD;1308.3;5349;426630;Bruno Steven Caicedo Quiñonez
pl-k00194337;Südafrika;DEFENDER;1349.4;4939;359561;K. Sebelebele
pl-k00194341;Katar;DEFENDER;1151.7;6914;366516;Gueye Laye
pl-k00195273;Irak;MIDFIELDER;1374.9;4684;72131;Dhurgham Ismail
pl-k00195274;Irak;FORWARD;1080.0;7631;53894;Mohanad Ali
pl-k00195395;Jordanien;MIDFIELDER;1413.9;4294;310785;Mohannad Abu Taha
pl-k00195396;Jordanien;MIDFIELDER;763.8;10778;409513;Arafat Mohammad Fahid
pl-k00195447;Tunesien;DEFENDER;1339.3;5040;49701;H. Chikhaoui
pl-k00195453;Usbekistan;FORWARD;1176.2;6669;73585;D. Temirov
pl-k00195655;Algerien;DEFENDER;901.3;9417;342740;A. Abada
pl-k00195662;Ägypten;GOALKEEPER;935.2;9078;16996;El Hany Soliman
pl-k00195663;Ägypten;GOALKEEPER;1019.1;8240;498250;Mohamed Alaa
pl-k00195664;Ägypten;DEFENDER;1002.5;8406;446971;Tarek Alaa
pl-k00196610;Ecuador;MIDFIELDER;1227.0;6161;482352;Ederson Castillo
pl-k00200613;Irak;DEFENDER;979.2;8639;72132;Maytham Jabbar
pl-k00200616;Irak;MIDFIELDER;903.8;9392;72134;Karar Nabeel
pl-k00200629;Ägypten;MIDFIELDER;842.8;9998;17078;Ahmed Mostafa
pl-k00201011;Usbekistan;DEFENDER;1352.0;4913;65571;A. Ulmasaliev
