ID;Marktwert TM;TM-ID;TM-Name;Verein
pl-k00030256;15000000.0;8198;Cristiano Ronaldo;Portugal
pl-k00030669;4000000.0;17259;Manuel Neuer;Deutschland
pl-k00033709;35000000.0;28003;Lionel Messi;Argentinien
pl-k00033742;50000.0;12589;Craig Gordon;Schottland
pl-k00039245;3000000.0;55089;Oliver Baumann;Deutschland
pl-k00039689;4000000.0;27992;Luka Modrić;Kroatien
pl-k00039824;1000000.0;29559;Guillermo Ochoa;Mexiko
pl-k00044089;1400000.0;35047;Axel Witsel;Belgien
pl-k00044560;2700000.0;28396;Edin Dzeko;Bosnien-Herzegowina
pl-k00045914;6000000.0;88103;James Rodríguez;Kolumbien
pl-k00046237;500000.0;51894;Mert Günok;Türkei
pl-k00046495;750000.0;58088;Fernando Muslera;Uruguay
pl-k00046508;;54381;Tommy Smith;Neuseeland
pl-k00047058;2500000.0;41384;Marko Arnautovic;Österreich
pl-k00050622;2000000.0;61651;Jordan Henderson;England
pl-k00054652;3500000.0;82873;Pascal Groß;Deutschland
pl-k00055188;1800000.0;74297;Gaël Kakuta;DR Kongo
pl-k00056751;8000000.0;108725;Chris Wood;Neuseeland
pl-k00056979;1000000.0;54781;Nicolás Otamendi;Argentinien
pl-k00057241;2000000.0;124410;Rani Khedira;Tunesien
pl-k00057343;10000000.0;111455;Granit Xhaka;Schweiz
pl-k00057598;20000000.0;59016;David Alaba;Österreich
pl-k00057919;300000.0;75890;Kristoffer Nordfeldt;Schweden
pl-k00059041;3000000.0;46580;Andrej Kramaric;Kroatien
pl-k00059307;1300000.0;42460;Ivan Perišić;Kroatien
pl-k00059384;15000000.0;96341;Romelu Lukaku;Belgien
pl-k00059448;;92076;Seung-gyu Kim;Südkorea
pl-k00059508;28000000.0;108390;Thibaut Courtois;Belgien
pl-k00059516;15000000.0;88755;Kevin De Bruyne;Belgien
pl-k00059524;4700000.0;119031;Kaan Ayhan;Türkei
pl-k00060044;3500000.0;86784;Ricardo Rodríguez;Schweiz
pl-k00062748;1000000.0;126665;Idrissa Gueye;Senegal
pl-k00063656;17000000.0;91845;Heung-min Son;Südkorea
pl-k00063799;1500000.0;120205;Michael Gregoritsch;Österreich
pl-k00063855;500000.0;50200;Kosta Barbarouses;Neuseeland
pl-k00063869;300000.0;79522;Yuto Nagatomo;Japan
pl-k00063918;50000000.0;68290;Neymar;Brasilien
pl-k00064027;1500000.0;121385;Grant Hanley;Schottland
pl-k00064038;22000000.0;126414;Hakan Çalhanoğlu;Türkei
pl-k00065996;1800000.0;108354;Jordan Ayew;Ghana
pl-k00066526;25000000.0;86202;Antonio Rüdiger;Deutschland
pl-k00066754;15000000.0;153084;Leon Goretzka;Deutschland
pl-k00067156;800000.0;145466;Tim Ream;USA
pl-k00067266;15000000.0;51471;Mateo Kovacic;Kroatien
pl-k00067749;8000000.0;126664;Lucas Digne;Frankreich
pl-k00068111;700000.0;126214;Mathew Leckie;Australien
pl-k00068757;3000000.0;73396;David Ospina;Kolumbien
pl-k00069274;;107318;Roberto Fernández;Paraguay
pl-k00069568;1400000.0;127048;Cédric Bakambu;DR Kongo
pl-k00069797;5000000.0;134270;Dan Burn;England
pl-k00070267;2000000.0;79960;Alex Sandro;Brasilien
pl-k00070270;2500000.0;145707;Danilo;Brasilien
pl-k00070281;400000.0;179643;Vladimír Darida;Tschechien
pl-k00070495;1800000.0;100986;Thomas Meunier;Belgien
pl-k00070592;30000000.0;196357;Jonathan Tah;Deutschland
pl-k00070605;65000000.0;132098;Harry Kane;England
pl-k00070654;8000000.0;16306;Casemiro;Brasilien
pl-k00070756;10000000.0;94005;Sead Kolasinac;Bosnien-Herzegowina
pl-k00071150;40000000.0;161056;Joshua Kimmich;Deutschland
pl-k00071862;2500000.0;120443;Santiago Arias;Kolumbien
pl-k00071888;10000000.0;167850;Memphis Depay;Niederlande
pl-k00072478;8000000.0;125714;Mark Flekken;Niederlande
pl-k00072654;38000000.0;182906;Mike Maignan;Frankreich
pl-k00072663;8000000.0;182893;Seko Fofana;Elfenbeinküste
pl-k00072712;2800000.0;216443;Riechedly Bazoer;Curacao
pl-k00072716;18000000.0;177476;Nathan Aké;Niederlande
pl-k00072755;12000000.0;195778;Alexander Nübel;Deutschland
pl-k00073097;;187353;Milos Degenek;Australien
pl-k00073206;7000000.0;106987;Marcel Sabitzer;Österreich
pl-k00073311;1800000.0;118397;Alessandro Schöpf;Österreich
pl-k00073393;2000000.0;224884;Abdul Rahman Baba;Ghana
pl-k00073943;4000000.0;206040;Raúl Jiménez;Mexiko
pl-k00074093;30000000.0;148455;Mohamed Salah;Ägypten
pl-k00074274;25000000.0;200512;Sadio Mané;Senegal
pl-k00074305;;149901;Tim Payne;Neuseeland
pl-k00074841;2500000.0;122582;Juan Fernando Quintero;Kolumbien
pl-k00074928;15000000.0;130164;Jordan Pickford;England
pl-k00074936;30000000.0;181767;Marquinhos;Brasilien
pl-k00074991;15000000.0;111873;Emiliano Martínez;Argentinien
pl-k00075008;7000000.0;133179;Marten de Roon;Niederlande
pl-k00075023;25000000.0;182712;João Cancelo;Portugal
pl-k00075027;3000000.0;147051;Yvon Mvogo;Schweiz
pl-k00075068;500000.0;83983;Lucas Mendes;Katar
pl-k00075076;12000000.0;93128;Kalidou Koulibaly;Senegal
pl-k00075102;700000.0;111627;Ryan Mendes;Kap Verde
pl-k00075261;3000000.0;203123;Haris Tabakovic;Bosnien-Herzegowina
pl-k00075379;800000.0;168989;Silvan Widmer;Schweiz
pl-k00075584;20000000.0;182913;Adrien Rabiot;Frankreich
pl-k00075612;550000.0;251295;Dzenis Burnic;Bosnien-Herzegowina
pl-k00075628;3500000.0;244940;Salih Özcan;Türkei
pl-k00075738;550000.0;136834;Aziz Behich;Australien
pl-k00075849;20000000.0;176553;Aymeric Laporte;Spanien
pl-k00075878;2000000.0;128969;Mathew Ryan;Australien
pl-k00075957;400000.0;172623;Ramy Rabia;Ägypten
pl-k00075963;4500000.0;234189;Trezeguet;Ägypten
pl-k00075982;3500000.0;207006;Joshua Brenet;Curacao
pl-k00076167;2500000.0;203348;Chancel Mbemba;DR Kongo
pl-k00076421;1500000.0;127573;Phillipp Mwene;Österreich
pl-k00076459;18000000.0;186590;John Stones;England
pl-k00076681;5000000.0;230784;Thomas Partey;Ghana
pl-k00077108;38000000.0;225693;Fabinho;Brasilien
pl-k00077358;900000.0;73517;Ørjan Nyland;Norwegen
pl-k00077564;2000000.0;188862;Guillermo Varela;Uruguay
pl-k00077709;17000000.0;223367;Fredrik Aursnes;Norwegen
pl-k00078155;900000.0;126014;Leandro Bacuna;Curacao
pl-k00078170;200000.0;79294;Eloy Room;Curacao
pl-k00078181;10000000.0;191056;Brice Samba;Frankreich
pl-k00078230;18000000.0;139208;Virgil van Dijk;Niederlande
pl-k00078543;;260807;Jonathan Osorio;Kanada
pl-k00078573;1800000.0;262939;Johan Mojica;Kolumbien
pl-k00078750;40000000.0;240306;Bruno Fernandes;Portugal
pl-k00079032;;177775;Mitchell Duke;Australien
pl-k00079078;4500000.0;248454;Nikola Vasilj;Bosnien-Herzegowina
pl-k00079176;9000000.0;232320;Atakan Karazor;Türkei
pl-k00079478;22000000.0;250845;José María Giménez;Uruguay
pl-k00079504;2000000.0;195736;Florian Grillitsch;Österreich
pl-k00079536;600000.0;265625;Ajdin Hrustic;Australien
pl-k00079543;23000000.0;192565;Leroy Sané;Deutschland
pl-k00080083;17000000.0;232454;Nadiem Amiri;Deutschland
pl-k00080174;18000000.0;193004;Waldemar Anton;Deutschland
pl-k00080229;7000000.0;234523;Antonio Sanabria;Paraguay
pl-k00080522;8500000.0;215390;Gustavo Gómez;Paraguay
pl-k00080587;2000000.0;249303;Dennis Eckert Ayensa;Iran
pl-k00080630;8000000.0;220793;Douglas Santos;Brasilien
pl-k00080786;35000000.0;249565;Youri Tielemans;Belgien
pl-k00081053;2700000.0;157672;Vladimír Coufal;Tschechien
pl-k00081250;3000000.0;236168;Brandon Mechele;Belgien
pl-k00081292;10000000.0;185245;Jhon Córdoba;Kolumbien
pl-k00081362;7000000.0;205938;Mario Pašalić;Kroatien
pl-k00081442;1800000.0;164904;Mory Diaw;Senegal
pl-k00081465;24000000.0;193082;Alejandro Grimaldo;Spanien
pl-k00081503;5000000.0;280701;Théo Bongonda;DR Kongo
pl-k00081538;1500000.0;178614;Jean Michaël Seri;Elfenbeinküste
pl-k00081694;7500000.0;282144;Marin Pongracic;Kroatien
pl-k00081971;1500000.0;192557;Jackson Irvine;Australien
pl-k00082152;20000000.0;281963;Lucas Hernández;Frankreich
pl-k00082469;10000000.0;262226;Timothy Castagne;Belgien
pl-k00082709;325000.0;170895;Garry Rodrigues;Kap Verde
pl-k00082878;30000000.0;234803;Andrew Robertson;Schottland
pl-k00082905;3800000.0;139503;Enner Valencia;Ecuador
pl-k00082915;12000000.0;237662;Breel Embolo;Schweiz
pl-k00082944;;74113;Camilo Vargas;Kolumbien
pl-k00083013;5000000.0;166237;Leandro Paredes;Argentinien
pl-k00083248;3000000.0;213268;Alireza Jahanbakhsh;Iran
pl-k00083526;1800000.0;80293;Aïssa Mandi;Algerien
pl-k00083529;18000000.0;171424;Riyad Mahrez;Algerien
pl-k00083712;3500000.0;343463;Cyle Larin;Kanada
pl-k00083783;8000000.0;273000;Júnior Alonso;Paraguay
pl-k00083984;6000000.0;258987;Carl Starfelt;Schweden
pl-k00083987;4000000.0;222855;Jesper Karlström;Schweden
pl-k00084324;4000000.0;148252;Remo Freuler;Schweiz
pl-k00084365;8000000.0;192635;Nico Elvedi;Schweiz
pl-k00084527;4500000.0;189410;Rodrigo Aguirre;Uruguay
pl-k00084530;4000000.0;328609;Derek Cornelius;Kanada
pl-k00084740;900000.0;203357;Ryan Thomas;Neuseeland
pl-k00084940;12000000.0;225657;Philipp Lienhart;Österreich
pl-k00084943;32000000.0;223967;Konrad Laimer;Österreich
pl-k00085071;;186374;Alexander Schlager;Österreich
pl-k00085122;3000000.0;46413;Ante Budimir;Kroatien
pl-k00085245;27000000.0;241641;Bernardo Silva;Portugal
pl-k00085275;9000000.0;229604;Gerónimo Rulli;Argentinien
pl-k00085276;15000000.0;255901;Rodrigo De Paul;Argentinien
pl-k00085349;40000000.0;225161;Rúben Neves;Portugal
pl-k00085376;2500000.0;181380;Arthur Masuaku;DR Kongo
pl-k00085378;3500000.0;242089;Jindrich Stanek;Tschechien
pl-k00085465;10000000.0;293200;Nikola Vlašić;Kroatien
pl-k00085665;15000000.0;238223;Ederson;Brasilien
pl-k00085696;6000000.0;137576;Hans Vanaken;Belgien
pl-k00085778;25000000.0;242086;Patrik Schick;Tschechien
pl-k00085906;9000000.0;255906;Scott McKenna;Schottland
pl-k00085917;2500000.0;225744;Lawrence Shankland;Schottland
pl-k00086035;6000000.0;225122;Gonçalo Guedes;Portugal
pl-k00086109;7000000.0;238266;Duje Caleta-Car;Kroatien
pl-k00086141;55000000.0;309400;Kai Havertz;Deutschland
pl-k00086183;;216278;Tomas Holes;Tschechien
pl-k00086391;22000000.0;282411;Marcos Llorente;Spanien
pl-k00086584;25000000.0;255508;Iñaki Williams;Ghana
pl-k00086910;5000000.0;278359;Borja Iglesias;Spanien
pl-k00087248;3500000.0;264014;Sergio Rochet;Uruguay
pl-k00087254;4000000.0;357003;Martin Erlić;Kroatien
pl-k00087278;3000000.0;226524;Morten Thorsby;Norwegen
pl-k00087371;;188881;Osman Hadzikic;Bosnien-Herzegowina
pl-k00087507;1500000.0;203517;Steven Moreira;Kap Verde
pl-k00087534;12000000.0;225083;N'Golo Kanté;Frankreich
pl-k00087576;9000000.0;250844;Alexander Djiku;Ghana
pl-k00087673;40000000.0;257814;Gregor Kobel;Schweiz
pl-k00087704;22000000.0;263236;Kevin Danso;Österreich
pl-k00087705;22000000.0;335457;Ermedin Demirovic;Bosnien-Herzegowina
pl-k00087735;4500000.0;216603;İrfan Can Kahveci;Türkei
pl-k00087750;20000000.0;318204;David Raum;Deutschland
pl-k00087823;2000000.0;314398;Jae-sung Lee;Südkorea
pl-k00087867;20000000.0;294808;Franck Kessié;Elfenbeinküste
pl-k00087885;25000000.0;339314;Deniz Undav;Deutschland
pl-k00087974;7500000.0;321204;Michal Sadílek;Tschechien
pl-k00088045;50000000.0;284857;Marc Cucurella;Spanien
pl-k00088049;60000000.0;293385;Dani Olmo;Spanien
pl-k00088147;2000000.0;283489;Luca Zidane;Algerien
pl-k00088151;70000000.0;344695;Dayot Upamecano;Frankreich
pl-k00088739;;248410;Giorgian de Arrascaeta;Uruguay
pl-k00088771;60000000.0;315779;Christian Pulisic;USA
pl-k00088866;1500000.0;285548;Fabián Balbuena;Paraguay
pl-k00088970;;254285;Lawrence Ati Zigi;Ghana
pl-k00089012;3500000.0;228645;Wout Weghorst;Niederlande
pl-k00089060;800000.0;307870;Shogo Taniguchi;Japan
pl-k00089096;5000000.0;249994;José Sá;Portugal
pl-k00089148;15000000.0;184573;Victor Lindelöf;Schweden
pl-k00089308;9000000.0;212723;Djibril Sow;Schweiz
pl-k00089313;30000000.0;262396;Unai Simón;Spanien
pl-k00089321;75000000.0;357565;Rodri;Spanien
pl-k00089322;30000000.0;338424;Mikel Merino;Spanien
pl-k00089356;22000000.0;284730;Manuel Akanji;Schweiz
pl-k00089361;25000000.0;334526;Denis Zakaria;Schweiz
pl-k00089434;28000000.0;223979;Xaver Schlager;Österreich
pl-k00089444;60000000.0;318528;Marcus Thuram;Frankreich
pl-k00089452;1000000.0;258513;Laros Duarte;Kap Verde
pl-k00089457;70000000.0;326330;Frenkie de Jong;Niederlande
pl-k00089649;7000000.0;284732;Ramy Bensebaini;Algerien
pl-k00089655;6000000.0;290587;Ellyes Skhiri;Tunesien
pl-k00089781;700000.0;371686;Carlens Arcus;Haiti
pl-k00090003;4500000.0;348863;Juninho Bacuna;Curacao
pl-k00090018;22000000.0;287579;Sofyan Amrabat;Marokko
pl-k00090022;450000.0;232219;Brandley Kuwas;Curacao
pl-k00090036;50000000.0;251664;Ivan Toney;England
pl-k00090042;12000000.0;156990;Marco Friedl;Österreich
pl-k00090213;14000000.0;223974;Stefan Posch;Österreich
pl-k00090404;7500000.0;231572;Nélson Semedo;Portugal
pl-k00090515;40000000.0;350219;Fabián Ruiz;Spanien
pl-k00090525;8000000.0;262980;Jefferson Lerma;Kolumbien
pl-k00090574;11000000.0;205927;Dominik Livakovic;Kroatien
pl-k00090788;5000000.0;146310;Wataru Endo;Japan
pl-k00090828;8000000.0;300716;Kieran Tierney;Schottland
pl-k00090830;750000.0;272930;Jamiro Monteiro;Kap Verde
pl-k00090873;6000000.0;320141;Çağlar Söyüncü;Türkei
pl-k00090950;1200000.0;399990;Kye Rowles;Australien
pl-k00090958;17000000.0;105470;Alisson;Brasilien
pl-k00090996;30000000.0;401578;Exequiel Palacios;Argentinien
pl-k00091000;;401572;Germán Berterame;Mexiko
pl-k00091055;25000000.0;351478;Mikel Oyarzabal;Spanien
pl-k00091083;6500000.0;316934;Nikola Moro;Kroatien
pl-k00091090;1200000.0;126600;Kenny McLean;Schottland
pl-k00091110;5000000.0;342046;Axel Tuanzebe;DR Kongo
pl-k00091130;2200000.0;223972;Patrick Pentz;Österreich
pl-k00091136;20000000.0;303259;Dodi Lukébakio;Belgien
pl-k00091137;100000000.0;288230;Ousmane Dembélé;Frankreich
pl-k00091194;2000000.0;380919;Nihad Mujakic;Bosnien-Herzegowina
pl-k00091289;40000000.0;258923;Marcus Rashford;England
pl-k00091305;10000000.0;272622;Issa Diop;Marokko
pl-k00091368;3000000.0;357117;Alban Lafont;Elfenbeinküste
pl-k00091403;10000000.0;292246;Hee-chan Hwang;Südkorea
pl-k00091409;180000000.0;342229;Kylian Mbappé;Frankreich
pl-k00091463;9000000.0;188077;Ryan Christie;Schottland
pl-k00091537;45000000.0;411975;Jules Koundé;Frankreich
pl-k00091555;2000000.0;298583;Eray Cömert;Schweiz
pl-k00091959;4200000.0;293213;Amir Hadziahmetovic;Bosnien-Herzegowina
pl-k00092347;;189014;Maxime Crépeau;Kanada
pl-k00092690;4500000.0;243856;Cedric Itten;Schweiz
pl-k00093122;60000000.0;258004;Rúben Dias;Portugal
pl-k00093334;2500000.0;129586;Joris Kayembe;DR Kongo
pl-k00093439;8000000.0;234811;Rui Silva;Portugal
pl-k00093477;15000000.0;193116;John McGinn;Schottland
pl-k00093739;7000000.0;315291;Haji Wright;USA
pl-k00093752;25000000.0;321528;Denzel Dumfries;Niederlande
pl-k00093879;3200000.0;243879;Charles Pickel;DR Kongo
pl-k00094296;40000000.0;314678;Brahim Díaz;Marokko
pl-k00094309;1500000.0;439914;John Yeboah;Ecuador
pl-k00094312;;121791;Éric Davis;Panama
pl-k00094314;;345716;Fidel Escobar;Panama
pl-k00094316;;126019;Alberto Quintero;Panama
pl-k00094317;;161671;Aníbal Godoy;Panama
pl-k00094325;1000000.0;243298;Ismael Díaz;Panama
pl-k00094331;9000000.0;272999;Miguel Almirón;Paraguay
pl-k00094503;1600000.0;345763;Duckens Nazon;Haiti
pl-k00094622;3000000.0;289446;Yerry Mina;Kolumbien
pl-k00094626;;185175;Jason Geria;Australien
pl-k00094807;120000000.0;349066;Alexander Isak;Schweden
pl-k00094866;50000000.0;411295;Raphinha;Brasilien
pl-k00094959;17000000.0;346853;Romano Schmid;Österreich
pl-k00095021;40000000.0;357153;Diogo Costa;Portugal
pl-k00095023;28000000.0;357147;Diogo Dalot;Portugal
pl-k00095030;;250490;Christian Fassnacht;Schweiz
pl-k00095063;6000000.0;374954;Kristijan Jakic;Kroatien
pl-k00095107;1500000.0;226097;Ivan Sunjic;Bosnien-Herzegowina
pl-k00095175;6000000.0;375137;Ismail Jakobs;Senegal
pl-k00095198;1500000.0;388171;Anthony Ralston;Schottland
pl-k00095199;16000000.0;328658;Kristoffer Ajer;Norwegen
pl-k00095254;22000000.0;375885;Ibrahim Sangaré;Elfenbeinküste
pl-k00095392;28000000.0;388165;Yoane Wissa;DR Kongo
pl-k00095393;8500000.0;343052;Nicolas Pépé;Elfenbeinküste
pl-k00095547;2500000.0;320440;Gustaf Nilsson;Schweden
pl-k00095604;;377268;Fahad Talib;Irak
pl-k00095650;500000.0;140554;Martin Boyle;Australien
pl-k00095657;16000000.0;348795;Giovani Lo Celso;Argentinien
pl-k00095671;7000000.0;387687;César Montes;Mexiko
pl-k00095732;4000000.0;332560;Deiver Machado;Kolumbien
pl-k00095741;2500000.0;252345;Ken Sema;Schweden
pl-k00095804;;384568;Stjepan Radeljic;Bosnien-Herzegowina
pl-k00095892;;353432;Aubrey Modiba;Südafrika
pl-k00095993;1700000.0;330871;Muhammed Şengezer;Türkei
pl-k00096140;55000000.0;388198;Nico Schlotterbeck;Deutschland
pl-k00096154;;69400;Weverton;Brasilien
pl-k00096210;5000000.0;292534;Eric Smith;Schweden
pl-k00096455;900000.0;249271;Saeid Ezatolahi;Iran
pl-k00096513;15000000.0;372267;Guus Til;Niederlande
pl-k00096516;800000.0;315211;Sherel Floranus;Curacao
pl-k00096664;3000000.0;237846;Edmílson Junior;Katar
pl-k00096665;2500000.0;201574;Angus Gunn;Schottland
pl-k00096715;18000000.0;341429;Davinson Sánchez;Kolumbien
pl-k00096723;35000000.0;410225;Ismaïla Sarr;Senegal
pl-k00096767;12000000.0;283628;Tomáš Souček;Tschechien
pl-k00096835;20000000.0;144028;Leandro Trossard;Belgien
pl-k00096877;1500000.0;385918;Aiden O'Neill;Australien
pl-k00096971;4500000.0;336646;Akram Afif;Katar
pl-k00097030;6500000.0;422850;Ghislain Konan;Elfenbeinküste
pl-k00097143;22000000.0;332697;Weston McKennie;USA
pl-k00097277;7000000.0;334042;Orbelín Pineda;Mexiko
pl-k00097322;4500000.0;237658;Michel Aebischer;Schweiz
pl-k00097512;40000000.0;420002;Jean-Philippe Mateta;Frankreich
pl-k00097518;10000000.0;395693;Houssem Aouar;Algerien
pl-k00097593;1000000.0;432852;Deroy Duarte;Kap Verde
pl-k00097599;3500000.0;235767;John Souttar;Schottland
pl-k00097772;;344854;Jesús Gallardo;Mexiko
pl-k00097808;4000000.0;469976;Christopher Operi;Elfenbeinküste
pl-k00097868;20000000.0;340879;Merih Demiral;Türkei
pl-k00098067;22000000.0;401356;Edson Álvarez;Mexiko
pl-k00098095;32000000.0;330659;Justin Kluivert;Niederlande
pl-k00098133;22000000.0;477758;Aaron Wan-Bissaka;DR Kongo
pl-k00098162;120000000.0;357662;Declan Rice;England
pl-k00098210;;518942;Karim El Eraki;Ägypten
pl-k00098226;1000000.0;97925;Munir El Kajoui;Marokko
pl-k00098238;;423678;Meschack Elia;DR Kongo
pl-k00098347;2000000.0;204294;Saman Ghoddos;Iran
pl-k00098354;9000000.0;351816;Ismaël Bennacer;Algerien
pl-k00098506;4500000.0;323872;Andrés Cubas;Paraguay
pl-k00098554;80000000.0;398073;Achraf Hakimi;Marokko
pl-k00098565;450000.0;243633;Aaron Tshibola;DR Kongo
pl-k00098653;4000000.0;338635;Hannes Delcroix;Haiti
pl-k00098656;25000000.0;333014;Sander Berge;Norwegen
pl-k00098820;75000000.0;435338;Gabriel;Brasilien
pl-k00098854;14000000.0;349599;Pervis Estupiñán;Ecuador
pl-k00098905;;298603;Miro Muheim;Schweiz
pl-k00099269;5000000.0;389253;Auston Trusty;USA
pl-k00099308;;468022;Miles Robinson;USA
pl-k00099343;10000000.0;354482;Amir Murillo;Panama
pl-k00099347;25000000.0;332705;Tyler Adams;USA
pl-k00099350;;354763;Derrick Etienne Jr.;Haiti
pl-k00099370;;417348;Richie Laryea;Kanada
pl-k00099403;;354792;Cristian Roldán;USA
pl-k00099454;;419247;Cristian Martínez;Panama
pl-k00099476;7000000.0;425306;Matt Turner;USA
pl-k00099583;50000000.0;424204;Alphonso Davies;Kanada
pl-k00099757;12000000.0;342405;Mattias Svanberg;Schweden
pl-k00099758;3000000.0;322065;Dennis Hadzikadunic;Bosnien-Herzegowina
pl-k00099888;3500000.0;344864;Jean-Kévin Duverne;Haiti
pl-k00099891;15000000.0;450050;Jean-Ricner Bellegarde;Haiti
pl-k00099911;27000000.0;354362;Rodrigo Bentancur;Uruguay
pl-k00100096;45000000.0;315969;Scott McTominay;Schottland
pl-k00100132;;288431;Léo Pereira;Brasilien
pl-k00100297;28000000.0;418659;Amine Gouiri;Algerien
pl-k00100385;;262262;Ángel Romero;Paraguay
pl-k00100539;20000000.0;423744;Billy Gilmour;Schottland
pl-k00100729;35000000.0;444523;Lucas Paquetá;Brasilien
pl-k00100735;180000000.0;371998;Vinicius Junior;Brasilien
pl-k00100766;60000000.0;487465;Pedro Neto;Portugal
pl-k00100782;30000000.0;398184;Ferran Torres;Spanien
pl-k00100789;55000000.0;392757;Marc Guéhi;England
pl-k00100804;5000000.0;361260;Ozan Kabak;Türkei
pl-k00100814;5000000.0;396908;Yunus Akgün;Türkei
pl-k00100992;4000000.0;428061;Riley McGree;Australien
pl-k00101025;;81723;Michael Boxall;Neuseeland
pl-k00101031;;256019;Alex Rufer;Neuseeland
pl-k00101100;30000000.0;405398;Takefusa Kubo;Japan
pl-k00101109;1200000.0;422051;Nikola Katic;Bosnien-Herzegowina
pl-k00101120;8000000.0;448632;Yehvann Diouf;Senegal
pl-k00101133;28000000.0;258919;Dean Henderson;England
pl-k00101135;35000000.0;413403;Ezri Konsa;England
pl-k00101264;1800000.0;198614;Tomas Chory;Tschechien
pl-k00101284;10000000.0;438001;Santiago Bueno;Uruguay
pl-k00101285;;320739;Santiago Mele;Uruguay
pl-k00101287;;430339;José Luis Rodríguez;Uruguay
pl-k00101288;18000000.0;376514;Mathías Olivera;Uruguay
pl-k00101293;;397458;Nicolás de la Cruz;Uruguay
pl-k00101298;120000000.0;369081;Federico Valverde;Uruguay
pl-k00101299;10000000.0;439072;Matías Viña;Uruguay
pl-k00101301;;457533;Agustín Canobbio;Uruguay
pl-k00101347;8000000.0;131225;Nicolás Tagliafico;Argentinien
pl-k00101356;45000000.0;357119;Ibrahima Konaté;Frankreich
pl-k00101378;75000000.0;520624;Bruno Guimarães;Brasilien
pl-k00101481;12000000.0;356141;Daichi Kamada;Japan
pl-k00101588;;273742;Viktor Johansson;Schweden
pl-k00101599;70000000.0;325443;Viktor Gyökeres;Schweden
pl-k00101605;35000000.0;516716;Bremer;Brasilien
pl-k00101629;90000000.0;357164;Rafael Leão;Portugal
pl-k00101633;3000000.0;339337;Armando Obispo;Curacao
pl-k00101636;28000000.0;360518;Teun Koopmeiners;Niederlande
pl-k00101638;25000000.0;339332;Noa Lang;Niederlande
pl-k00101663;50000000.0;472423;Reece James;England
pl-k00101765;2000000.0;369567;Sasa Kalajdzic;Österreich
pl-k00101781;45000000.0;517894;Matheus Cunha;Brasilien
pl-k00101783;9000000.0;345886;Rubén Vargas;Schweiz
pl-k00101913;;283473;Yoel Bárcenas;Panama
pl-k00101917;;402979;Orlando Mosquera;Panama
pl-k00102015;450000.0;328455;Juriën Gaari;Curacao
pl-k00102117;16000000.0;291200;Moussa Niakhaté;Senegal
pl-k00102402;25000000.0;326029;Donyell Malen;Niederlande
pl-k00102731;32000000.0;483046;Josip Stanisic;Kroatien
pl-k00102793;800000.0;306166;Nuno Da Costa;Kap Verde
pl-k00102800;18000000.0;324278;Christoph Baumgartner;Österreich
pl-k00102817;18000000.0;358504;Ritsu Doan;Japan
pl-k00103233;1200000.0;353403;Samuel Moutoussamy;DR Kongo
pl-k00103347;350000.0;395928;Marco Pašalić;Kroatien
pl-k00103453;65000000.0;460939;Tijjani Reijnders;Niederlande
pl-k00103853;25000000.0;503482;Min-jae Kim;Südkorea
pl-k00103860;;260171;Hyeon-woo Jo;Südkorea
pl-k00103878;65000000.0;445939;Omar Marmoush;Ägypten
pl-k00104033;3500000.0;397171;Gideon Mensah;Ghana
pl-k00104228;450000.0;188312;Ramin Rezaeian;Iran
pl-k00104230;6500000.0;422763;Nicolas Raskin;Belgien
pl-k00104271;6000000.0;298091;Harry Souttar;Australien
pl-k00104274;2500000.0;395695;Elisha Owusu;Ghana
pl-k00104317;45000000.0;443710;Angelo Stiller;Deutschland
pl-k00104437;700000.0;542380;Amirhossein Hosseinzadeh;Iran
pl-k00104441;;495320;Martin Zlomislic;Bosnien-Herzegowina
pl-k00104485;20000000.0;370789;Julian Ryerson;Norwegen
pl-k00104568;;262845;Mohammed Al-Owais;Saudi-Arabien
pl-k00104581;;1173786;Saud Salem;Saudi-Arabien
pl-k00104617;;491553;Jáminton Campaz;Kolumbien
pl-k00104723;1300000.0;333355;Milad Mohammadi;Iran
pl-k00104735;2500000.0;307058;Mehdi Taremi;Iran
pl-k00104808;;207843;Max Crocombe;Neuseeland
pl-k00104975;;422594;Keita Nakamura;Japan
pl-k00104978;15000000.0;552057;Adam Hlozek;Tschechien
pl-k00105008;2000000.0;400797;Callum McCowatt;Neuseeland
pl-k00105180;25000000.0;518505;Jamie Leweling;Deutschland
pl-k00105212;2200000.0;500091;Ersin Destanoğlu;Türkei
pl-k00105223;60000000.0;503733;Anthony Gordon;England
pl-k00105391;3500000.0;348791;Junya Ito;Japan
pl-k00105434;22000000.0;340456;Noussair Mazraoui;Marokko
pl-k00105471;;545810;Jacob Italiano;Australien
pl-k00105695;;68626;Abdullah Al-Hamdan;Saudi-Arabien
pl-k00105718;3000000.0;390379;Mustafa Eskihellaç;Türkei
pl-k00105800;11000000.0;512913;Stephen Eustaquio;Kanada
pl-k00105812;70000000.0;434675;Cody Gakpo;Niederlande
pl-k00105828;2500000.0;211474;Ali Abdi;Tunesien
pl-k00105829;1300000.0;450417;Dylan Bronn;Tunesien
pl-k00105876;3000000.0;363223;Jack Hendry;Schottland
pl-k00105950;2200000.0;294767;Majid Hosseini;Iran
pl-k00105961;1000000.0;249360;Ali Alipour;Iran
pl-k00105983;100000000.0;413112;Aurélien Tchouaméni;Frankreich
pl-k00106053;375000.0;401029;Roshon van Eijma;Curacao
pl-k00106087;10000000.0;355816;Ko Itakura;Japan
pl-k00106091;;489359;Ao Tanaka;Japan
pl-k00106095;6000000.0;429259;Mark McKenzie;USA
pl-k00106109;;308120;Mohamed Kanno;Saudi-Arabien
pl-k00106186;;564006;Abdulquddus Atiah;Saudi-Arabien
pl-k00106205;7500000.0;405385;Yukinari Sugawara;Japan
pl-k00106358;18000000.0;353892;Hiroki Ito;Japan
pl-k00106359;2500000.0;351567;Koki Ogawa;Japan
pl-k00106362;20000000.0;370846;Timothy Weah;USA
pl-k00106538;;415521;Keisuke Osako;Japan
pl-k00106559;;437903;Abdullah Al-Khaibari;Saudi-Arabien
pl-k00106597;5000000.0;521127;Ayoub El Kaabi;Marokko
pl-k00106599;;134573;Mohamed El Shenawy;Ägypten
pl-k00106676;85000000.0;406625;Lautaro Martínez;Argentinien
pl-k00106680;28000000.0;524481;Roger Ibañez;Brasilien
pl-k00106698;70000000.0;455661;Nick Woltemade;Deutschland
pl-k00106891;12000000.0;251075;Zeki Çelik;Türkei
pl-k00106912;10000000.0;442531;Edouard Mendy;Senegal
pl-k00106928;45000000.0;406640;Felix Nmecha;Deutschland
pl-k00107005;25000000.0;454567;Orkun Kökçü;Türkei
pl-k00107290;40000000.0;578391;Rayan Aït-Nouri;Algerien
pl-k00107513;18000000.0;346890;Noah Okafor;Schweiz
pl-k00107564;;375300;Adalberto Carrasquilla;Panama
pl-k00107692;130000000.0;580195;Jamal Musiala;Deutschland
pl-k00107693;110000000.0;598577;Florian Wirtz;Deutschland
pl-k00107767;30000000.0;561613;Joan García;Spanien
pl-k00107833;20000000.0;473169;Brian Brobbey;Niederlande
pl-k00107834;70000000.0;420243;Jurriën Timber;Niederlande
pl-k00107835;28000000.0;420213;Quinten Timber;Niederlande
pl-k00107846;22000000.0;474701;Crysencio Summerville;Niederlande
pl-k00107848;2000000.0;412937;Shurandy Sambo;Curacao
pl-k00108054;400000.0;393241;Godfried Roemeratoe;Curacao
pl-k00108107;35000000.0;550550;Gonçalo Ramos;Portugal
pl-k00108337;18000000.0;459463;Cucho Hernández;Kolumbien
pl-k00108493;2000000.0;425028;José Luis Rodríguez;Panama
pl-k00108624;100000.0;838947;Alexandre Pierre;Haiti
pl-k00108633;30000000.0;349701;Antonee Robinson;USA
pl-k00108669;600000.0;413268;Kevin Yakob;Irak
pl-k00108822;200000000.0;418560;Erling Haaland;Norwegen
pl-k00109674;35000000.0;467437;Malik Tillman;USA
pl-k00110076;5000000.0;353922;Mert Müldür;Türkei
pl-k00110131;35000000.0;412669;Francisco Trincão;Portugal
pl-k00110134;2000000.0;406008;Yan Valery;Tunesien
pl-k00110177;30000000.0;371149;Evan Ndicka;Elfenbeinküste
pl-k00110243;90000000.0;478573;Ryan Gravenberch;Niederlande
pl-k00110311;25000000.0;578539;Chris Richards;USA
pl-k00110341;;563033;Pavel Bucha;Tschechien
pl-k00110344;;142219;Jaroslav Zelený;Tschechien
pl-k00110515;;589006;Mathieu Choinière;Kanada
pl-k00110564;;1220232;Lucas Sanabria;Uruguay
pl-k00110616;25000000.0;462250;João Félix;Portugal
pl-k00110655;800000.0;448466;Jovane Cabral;Kap Verde
pl-k00110676;42000000.0;485706;Amadou Onana;Belgien
pl-k00110713;6000000.0;490426;Krépin Diatta;Senegal
pl-k00110782;12000000.0;381950;Alexis Saelemaekers;Belgien
pl-k00110802;2500000.0;129586;Joris Kayembe;DR Kongo
pl-k00110836;35000000.0;533738;Jonathan David;Kanada
pl-k00110964;5000000.0;242359;Juan Musso;Argentinien
pl-k00111030;2500000.0;340990;Alfie Jones;Kanada
pl-k00111104;25000000.0;521964;Malick Thiaw;Deutschland
pl-k00111248;7000000.0;496706;Montassar Talbi;Tunesien
pl-k00111286;22000000.0;361914;Nayef Aguerd;Marokko
pl-k00111312;250000.0;350347;Michael Woud;Neuseeland
pl-k00111322;18000000.0;494237;Wilson Isidor;Haiti
pl-k00111323;4300000.0;416108;Youcef Atal;Algerien
pl-k00111352;90000000.0;495666;William Saliba;Frankreich
pl-k00111363;25000000.0;557149;Kang-in Lee;Südkorea
pl-k00111483;40000000.0;553875;Pedro Porro;Spanien
pl-k00111568;60000000.0;355915;Cristian Romero;Argentinien
pl-k00111733;20000000.0;428563;Lewis Ferguson;Schottland
pl-k00111774;2500000.0;451801;Abdul Mumin;Ghana
pl-k00111857;900000.0;282689;Seung-ho Paik;Südkorea
pl-k00111860;2000000.0;371013;Ivor Pandur;Kroatien
pl-k00111988;3500000.0;356044;Jorge Sánchez;Mexiko
pl-k00112075;;524592;Moon-hwan Kim;Südkorea
pl-k00112076;4500000.0;365394;In-beom Hwang;Südkorea
pl-k00112077;2500000.0;371174;Diego Lainez;Mexiko
pl-k00112079;;353583;Roberto Alvarado;Mexiko
pl-k00112080;40000000.0;365108;Dan Ndoye;Schweiz
pl-k00112101;10000000.0;424015;Nathan Patterson;Schottland
pl-k00112135;17000000.0;413565;Jhon Lucumí;Kolumbien
pl-k00112426;40000000.0;429983;Jørgen Strand Larsen;Norwegen
pl-k00112730;1500000.0;613192;Jens Castrop;Südkorea
pl-k00112780;12000000.0;331560;Takehiro Tomiyasu;Japan
pl-k00112868;5000000.0;358166;Eldor Shomurodov;Usbekistan
pl-k00112929;35000000.0;576314;Jan Paul van Hecke;Niederlande
pl-k00112936;6000000.0;370997;Dominik Kotarski;Kroatien
pl-k00113011;750000.0;294502;Dostonbek Khamdamov;Usbekistan
pl-k00113069;;541420;Timothy Fayulu;DR Kongo
pl-k00113146;1000000.0;403808;Andrés Andrade;Panama
pl-k00113163;4500000.0;402733;Gonzalo Montiel;Argentinien
pl-k00113179;100000000.0;576024;Julián Álvarez;Argentinien
pl-k00113185;7000000.0;504153;Joe Scally;USA
pl-k00113214;70000000.0;503743;Morgan Rogers;England
pl-k00113407;130000000.0;433177;Bukayo Saka;England
pl-k00113510;7000000.0;261503;Álvaro Fidalgo;Mexiko
pl-k00113749;;206782;Jalal Hassan;Irak
pl-k00113751;;217073;Rebin Sulaka;Irak
pl-k00113754;400000.0;166460;Frans Dhia Putros;Irak
pl-k00113759;350000.0;589646;Mohanad Ali;Irak
pl-k00113856;;311958;Utkir Yusupov;Usbekistan
pl-k00113863;;212499;Farrukh Sayfiev;Usbekistan
pl-k00113866;;288915;Odildzhon Khamrobekov;Usbekistan
pl-k00113867;1600000.0;294525;Otabek Shukurov;Usbekistan
pl-k00113914;20000000.0;575998;Leonardo Balerdi;Argentinien
pl-k00113916;;86286;Hasan Al-Haydos;Katar
pl-k00113920;;222385;Karim Boudiaf;Katar
pl-k00113922;;187987;Ahmed Alaaeldin;Katar
pl-k00113924;;228727;Pedro Miguel;Katar
pl-k00113926;;222669;Boualem Khoukhi;Katar
pl-k00113927;;251183;Ahmed Fathi;Katar
pl-k00113930;;345095;Almoez Ali;Katar
pl-k00113931;;336665;Sultan Al-Brake;Katar
pl-k00113932;300000.0;336667;Assim Madibo;Katar
pl-k00113966;;509894;Abdulelah Al-Amri;Saudi-Arabien
pl-k00113975;1700000.0;274536;Jaloliddin Masharipov;Usbekistan
pl-k00114084;;539961;Yazan Al-Arab;Jordanien
pl-k00114094;;310943;Ehsan Haddad;Jordanien
pl-k00114256;;450233;Moisés Ramírez;Ecuador
pl-k00114257;3300000.0;491616;Jackson Porozo;Ecuador
pl-k00114259;;598145;Jordy Alcívar;Ecuador
pl-k00114277;5000000.0;592735;Gonzalo Plata;Ecuador
pl-k00114290;;491596;Braian Ojeda;Paraguay
pl-k00114307;;643259;Orlando Gill;Paraguay
pl-k00114311;;532389;Sebastián Cáceres;Uruguay
pl-k00114315;;482144;Michel Araújo;Uruguay
pl-k00114317;20000000.0;606752;Rodrigo Zalazar;Uruguay
pl-k00114335;70000000.0;546543;Darwin Núñez;Uruguay
pl-k00114376;20000000.0;474800;Facundo Medina;Argentinien
pl-k00114381;20000000.0;576028;Thiago Almada;Argentinien
pl-k00114540;85000000.0;534033;Alexis Mac Allister;Argentinien
pl-k00114723;50000000.0;624690;Manu Koné;Frankreich
pl-k00114736;30000000.0;578392;Maximilian Beier;Deutschland
pl-k00114740;300000.0;538006;Kwasi Sibo;Ghana
pl-k00114796;9000000.0;607224;Hannibal;Tunesien
pl-k00114872;3000000.0;485582;Sontje Hansen;Curacao
pl-k00114972;;439750;Dayne St. Clair;Kanada
pl-k00114978;8000000.0;638793;Tajon Buchanan;Kanada
pl-k00114996;;500309;Matt Freese;USA
pl-k00114998;12000000.0;393323;Brenden Aaronson;USA
pl-k00115053;;405389;Ayumu Seko;Japan
pl-k00115136;8000000.0;589128;Ayase Ueda;Japan
pl-k00115166;14000000.0;420931;Daizen Maeda;Japan
pl-k00115227;10000000.0;598791;Tsuyoshi Watanabe;Japan
pl-k00115263;28000000.0;648779;Wilfried Singo;Elfenbeinküste
pl-k00115268;10000000.0;513970;Julián Araujo;Mexiko
pl-k00115533;7000000.0;605268;Igor Matanovic;Kroatien
pl-k00115539;13000000.0;467623;Lyle Foster;Südafrika
pl-k00115590;9000000.0;354145;Jorge Carrascal;Kolumbien
pl-k00115605;800000.0;208772;Liam Kelly;Schottland
pl-k00115622;12000000.0;353032;Omar Alderete;Paraguay
pl-k00115688;15000000.0;424042;Nahuel Molina;Argentinien
pl-k00115723;;468174;Félix Torres;Ecuador
pl-k00115737;70000000.0;480692;Luis Díaz;Kolumbien
pl-k00115738;;292985;Álvaro Montero;Kolumbien
pl-k00115740;50000000.0;480762;Lisandro Martínez;Argentinien
pl-k00115743;;534620;Carlos Rodríguez;Mexiko
pl-k00115744;;424689;Alexis Vega;Mexiko
pl-k00115782;;436385;Mathías Villasanti;Paraguay
pl-k00115787;;344676;Alan Benítez;Paraguay
pl-k00115794;;402627;José Canale;Paraguay
pl-k00115805;20000000.0;660867;Julio Enciso;Paraguay
pl-k00115806;;440383;César Blackman;Panama
pl-k00115934;;609255;Willer Ditta;Kolumbien
pl-k00116010;50000000.0;423440;Martín Zubimendi;Spanien
pl-k00116213;;465818;Brian Rodríguez;Uruguay
pl-k00116479;2000000.0;525578;Pathé Ciss;Senegal
pl-k00116517;110000000.0;487469;Vitinha;Portugal
pl-k00116544;30000000.0;568157;Yéremy Pino;Spanien
pl-k00116568;10000000.0;629773;Lukas Hornicek;Tschechien
pl-k00116607;28000000.0;504087;Tomás Araújo;Portugal
pl-k00116618;18000000.0;566799;James Trafford;England
pl-k00116621;40000000.0;503981;Tino Livramento;England
pl-k00116627;50000000.0;503987;Noni Madueke;England
pl-k00116636;25000000.0;503883;Senne Lammens;Belgien
pl-k00116650;65000000.0;486049;Jérémy Doku;Belgien
pl-k00116659;12000000.0;485584;Anass Salah-Eddine;Marokko
pl-k00116718;2000000.0;557614;Nathanaël Mbuku;DR Kongo
pl-k00116727;400000.0;585325;Hussein Ali;Irak
pl-k00116730;50000000.0;583189;Anthony Elanga;Schweden
pl-k00116735;2000000.0;651269;Armin Gigovic;Bosnien-Herzegowina
pl-k00117046;20000000.0;432298;Zion Suzuki;Japan
pl-k00117047;;532096;CJ dos Santos;Kap Verde
pl-k00117048;18000000.0;361104;Sergiño Dest;USA
pl-k00117065;2500000.0;422355;Jens Petter Hauge;Norwegen
pl-k00117066;8000000.0;564785;Kristian Thorstvedt;Norwegen
pl-k00117270;3000000.0;492955;Frantzdy Pierrot;Haiti
pl-k00117527;70000000.0;480267;Ronald Araujo;Uruguay
pl-k00117544;600000.0;649026;Moustapha Mbow;Senegal
pl-k00117605;175000.0;455425;Nando Pijnaker;Neuseeland
pl-k00117607;350000.0;485672;Elijah Just;Neuseeland
pl-k00117608;1200000.0;345700;Joe Bell;Neuseeland
pl-k00117610;600000.0;350357;Sarpreet Singh;Neuseeland
pl-k00117612;3000000.0;469211;Liberato Cacace;Neuseeland
pl-k00117615;300000.0;482204;Callan Elliot;Neuseeland
pl-k00117616;;539502;Ben Waine;Neuseeland
pl-k00117619;;632912;Salah Zakaria;Katar
pl-k00117627;;589099;Yusuf Abdurisag;Katar
pl-k00117630;;449710;Hazem Ahmed;Katar
pl-k00117636;;589101;Shehab Ellethy;Katar
pl-k00117676;;465966;Ahmed Fatouh;Ägypten
pl-k00117677;;479683;Nabil Dunga;Ägypten
pl-k00117727;3000000.0;631927;Saud Abdulhamid;Saudi-Arabien
pl-k00117731;;509897;Hassan Tambakti;Saudi-Arabien
pl-k00117736;;631922;Firas Al-Buraikan;Saudi-Arabien
pl-k00117738;;631923;Khalid Al-Ghannam;Saudi-Arabien
pl-k00117763;;673381;Oswin Appollis;Südafrika
pl-k00117780;;628806;Carlos Harvey;Panama
pl-k00117789;;569205;Tomás Rodríguez;Panama
pl-k00117900;;175577;Ronwen Williams;Südafrika
pl-k00117968;11000000.0;344869;Simon Banza;DR Kongo
pl-k00117979;12000000.0;560593;Hicham Boudaoui;Algerien
pl-k00118072;900000.0;438961;Michael Svoboda;Österreich
pl-k00118242;;678439;Mauricio;Paraguay
pl-k00118244;;569433;Aymen Dahmen;Tunesien
pl-k00118384;15000000.0;627207;Ricardo Pepi;USA
pl-k00118385;;637632;Jacob Shaffelburg;Kanada
pl-k00118634;3500000.0;583404;Marcus Pedersen;Norwegen
pl-k00118662;7000000.0;550829;Matej Kovar;Tschechien
pl-k00118670;4000000.0;544149;David Zima;Tschechien
pl-k00118676;;500053;Pavel Sulc;Tschechien
pl-k00118737;15000000.0;362108;Gabriel Gudmundsson;Schweden
pl-k00118751;18000000.0;346779;Ché Adams;Schottland
pl-k00118755;6000000.0;504215;Giovanni Reyna;USA
pl-k00118788;45000000.0;655488;Gabriel Martinelli;Brasilien
pl-k00119808;9000000.0;416660;Ramiz Zerrouki;Algerien
pl-k00119829;75000000.0;616341;Nuno Mendes;Portugal
pl-k00120081;22000000.0;644771;Odilon Kossounou;Elfenbeinküste
pl-k00120099;22000000.0;345911;Ladislav Krejčí;Tschechien
pl-k00120125;;334803;Tomas Ladra;Tschechien
pl-k00121256;700000.0;289432;Dylan Batubinsika;DR Kongo
pl-k00121260;1500000.0;265383;Abdoulaye Seck;Senegal
pl-k00121357;6500000.0;475949;Benjamin Nygren;Schweden
pl-k00121878;28000000.0;500689;Evann Guessand;Elfenbeinküste
pl-k00121912;;292779;Lukas Provod;Tschechien
pl-k00123095;40000000.0;548111;Álex Baena;Spanien
pl-k00123112;;558086;Dong-gyeong Lee;Südkorea
pl-k00123303;22000000.0;503770;Folarin Balogun;USA
pl-k00123383;10000000.0;532937;Johan Vásquez;Mexiko
pl-k00123466;;532938;Luis Romo;Mexiko
pl-k00123544;;677509;Jesse Randall;Neuseeland
pl-k00123545;500000.0;617019;Matthew Garbett;Neuseeland
pl-k00123553;600000.0;617021;Ben Old;Neuseeland
pl-k00123555;3000000.0;617018;Marko Stamenić;Neuseeland
pl-k00123588;1500000.0;620164;Haissem Hassan;Ägypten
pl-k00123602;35000000.0;565093;Bart Verbruggen;Niederlande
pl-k00123610;80000000.0;683840;Pedri;Spanien
pl-k00123794;35000000.0;568693;Pape Matar Sarr;Senegal
pl-k00123844;50000000.0;659813;Piero Hincapié;Ecuador
pl-k00123857;4000000.0;659804;John Mercado;Ecuador
pl-k00123858;;659806;Pedro Vite;Ecuador
pl-k00123957;50000000.0;607223;Rayan Cherki;Frankreich
pl-k00123960;;639027;Tae-seok Lee;Südkorea
pl-k00123962;1800000.0;706963;Han-beom Lee;Südkorea
pl-k00123977;;706968;Ji-sung Eom;Südkorea
pl-k00123994;34000000.0;435772;Charles De Ketelaere;Belgien
pl-k00124076;50000000.0;536835;Amad Diallo;Elfenbeinküste
pl-k00124100;600000.0;401736;Yaya Sithole;Südafrika
pl-k00124742;600000.0;181921;Paul Izzo;Australien
pl-k00124769;;691326;Kai Trewin;Australien
pl-k00124790;1400000.0;591844;Joe Gauci;Australien
pl-k00124795;800000.0;556038;Nathaniel Atkinson;Australien
pl-k00124798;;522223;Connor Metcalfe;Australien
pl-k00124901;1200000.0;399162;Cammy Devlin;Australien
pl-k00124927;160000000.0;581678;Jude Bellingham;England
pl-k00124952;35000000.0;262749;David Raya;Spanien
pl-k00124965;30000000.0;324358;Ollie Watkins;England
pl-k00124974;65000000.0;583255;Antoine Semenyo;Ghana
pl-k00125047;8000000.0;483348;Djed Spence;England
pl-k00125107;;560423;Meshaal Barsham;Katar
pl-k00125116;;260859;Hassan Kadesh;Saudi-Arabien
pl-k00125119;;509911;Nasser Al-Dawsari;Saudi-Arabien
pl-k00125123;650000.0;242267;Saleh Al-Shehri;Saudi-Arabien
pl-k00125129;800000.0;883122;Anas Haj Mohamed;Tunesien
pl-k00125171;65000000.0;479999;Eberechi Eze;England
pl-k00125181;130000000.0;566723;Michael Olise;Frankreich
pl-k00125266;18000000.0;484988;Logan Costa;Kap Verde
pl-k00125269;15000000.0;533295;Patrick Wimmer;Österreich
pl-k00125275;28000000.0;591949;Aaron Hickey;Schottland
pl-k00125311;2500000.0;347138;Lyndon Dykes;Schottland
pl-k00125406;2800000.0;447995;Ross Stewart;Schottland
pl-k00125655;300000.0;576099;Joseph Anang;Ghana
pl-k00125842;8000000.0;637446;Alistair Johnston;Kanada
pl-k00125872;;734761;Sebastian Berhalter;USA
pl-k00125875;;441738;Joel Waterman;Kanada
pl-k00125972;800000.0;626764;Livano Comenencia;Curacao
pl-k00126071;1700000.0;742770;Mohamed Touré;Australien
pl-k00126161;15000000.0;668606;Yuito Suzuki;Japan
pl-k00126190;10000000.0;593482;Azzedine Ounahi;Marokko
pl-k00126192;1000000.0;492556;Oston Urunov;Usbekistan
pl-k00126214;22000000.0;429915;Maxim De Cuyper;Belgien
pl-k00126539;;588989;Jhon Arias;Kolumbien
pl-k00126579;70000000.0;661171;Willian Pacho;Ecuador
pl-k00126584;5000000.0;450241;Angelo Preciado;Ecuador
pl-k00126585;;400960;Alan Franco;Ecuador
pl-k00126589;110000000.0;687626;Moisés Caicedo;Ecuador
pl-k00126598;8000000.0;387110;Petar Musa;Kroatien
pl-k00126697;1000000.0;974374;Anthony Valencia;Ecuador
pl-k00126826;7000000.0;676318;Facundo Pellistri;Uruguay
pl-k00126831;85000000.0;648195;Enzo Fernández;Argentinien
pl-k00126882;9000000.0;707447;Emiliano Martínez;Uruguay
pl-k00126894;4000000.0;756494;Juan José Cáceres;Paraguay
pl-k00128521;;735573;Richard Ríos;Kolumbien
pl-k00128608;;508237;Bum-keun Song;Südkorea
pl-k00128763;800000.0;288883;Rustam Ashurmatov;Usbekistan
pl-k00128790;;500763;Marvin Keller;Schweiz
pl-k00128826;;260857;Jamshid Iskanderov;Usbekistan
pl-k00128894;;365377;Jin-gyu Kim;Südkorea
pl-k00128987;38000000.0;601883;Matheus Nunes;Portugal
pl-k00129004;;639414;Young-woo Seol;Südkorea
pl-k00129073;3500000.0;424784;Luis Suárez;Kolumbien
pl-k00129218;32000000.0;608172;Ardon Jashari;Schweiz
pl-k00129278;6000000.0;485963;Pape Gueye;Senegal
pl-k00129313;3000000.0;791528;Telmo Arcanjo;Kap Verde
pl-k00129317;45000000.0;549006;Gonçalo Inácio;Portugal
pl-k00129372;27000000.0;493003;Daniel Muñoz;Kolumbien
pl-k00129414;24000000.0;368891;Arthur Theate;Belgien
pl-k00129425;8000000.0;420808;George Hirst;Schottland
pl-k00129671;35000000.0;691892;Nathaniel Brown;Deutschland
pl-k00130230;24000000.0;800175;Luiz Henrique;Brasilien
pl-k00130252;16000000.0;404950;Nicolas Seiwald;Österreich
pl-k00130288;;724443;Brian Gutiérrez;Mexiko
pl-k00130356;35000000.0;434224;Maxence Lacroix;Frankreich
pl-k00130586;10000000.0;502722;Luka Sucic;Kroatien
pl-k00130739;9000000.0;683895;Emmanuel Agbadou;Elfenbeinküste
pl-k00130790;12000000.0;613725;İsmail Yüksek;Türkei
pl-k00130792;3500000.0;480705;Cherif Ndiaye;Senegal
pl-k00130795;4500000.0;308439;Patrick Berg;Norwegen
pl-k00131106;1800000.0;639246;Hyeon-gyu Oh;Südkorea
pl-k00131344;5000000.0;662131;Ahmetcan Kaplan;Türkei
pl-k00131539;70000000.0;475959;Josko Gvardiol;Kroatien
pl-k00131547;4000000.0;334802;Jan Kuchta;Tschechien
pl-k00131579;300000.0;536520;Ruben Providence;Haiti
pl-k00131658;;684307;Youssef Amyn;Irak
pl-k00131688;;519184;Amar Dedić;Bosnien-Herzegowina
pl-k00131702;17000000.0;371001;Josip Sutalo;Kroatien
pl-k00131780;22000000.0;382528;Kerem Aktürkoğlu;Türkei
pl-k00131834;;77127;Hernán Galíndez;Ecuador
pl-k00131847;250000.0;430824;Peter Gwargis;Irak
pl-k00131854;60000000.0;567576;Elliot Anderson;England
pl-k00131930;8000000.0;507341;Fabian Rieder;Schweiz
pl-k00131945;35000000.0;620322;Malo Gusto;Frankreich
pl-k00132051;22000000.0;808509;Danilo;Brasilien
pl-k00132098;12000000.0;490384;Koni De Winter;Belgien
pl-k00132107;32000000.0;702869;Ismael Saibari;Marokko
pl-k00132159;3000000.0;830890;Marvin Senaya;Ghana
pl-k00132220;;652060;Denis Visinsky;Tschechien
pl-k00132314;;675178;Isidro Pitta;Paraguay
pl-k00132544;100000.0;838947;Alexandre Pierre;Haiti
pl-k00132694;5000000.0;855731;Jordan Bos;Australien
pl-k00132741;12000000.0;659542;Elye Wahi;Elfenbeinküste
pl-k00132788;13000000.0;496745;Emil Holm;Schweden
pl-k00132802;300000.0;539677;Sebastian Tounekti;Tunesien
pl-k00132816;;580451;Martin Baturina;Kroatien
pl-k00133004;60000000.0;709187;Nico Williams;Spanien
pl-k00133116;30000000.0;476701;Manuel Ugarte;Uruguay
pl-k00133182;;680506;José Andrés Hurtado;Ecuador
pl-k00133238;30000000.0;487474;Francisco Conceição;Portugal
pl-k00133267;;266935;Mohammed Muntari;Katar
pl-k00133274;6000000.0;982267;Ibrahim Sulemana;Ghana
pl-k00133304;;416090;Julián Quiñones;Mexiko
pl-k00133310;;343974;Mohamed Hany;Ägypten
pl-k00133311;;237425;Yasser Ibrahim;Ägypten
pl-k00133370;800000.0;594273;Jeremy Antonisse;Curacao
pl-k00133399;;452483;David Affengruber;Österreich
pl-k00133422;45000000.0;623570;Iliman Ndiaye;Senegal
pl-k00133439;;508366;Tae-hyeon Kim;Südkorea
pl-k00133529;4000000.0;822458;Bamba Dieng;Senegal
pl-k00133547;30000000.0;548193;Zeno Debast;Belgien
pl-k00133569;;683271;Tomoki Hayakawa;Japan
pl-k00133609;25000000.0;659459;Carney Chukwuemeka;Österreich
pl-k00133745;700000.0;81796;Sung-yueng Ki;Südkorea
pl-k00133783;14000000.0;670103;Andreas Schjelderup;Norwegen
pl-k00133786;22000000.0;579287;Daniel Svensson;Schweden
pl-k00133862;;867762;Patrick Yazbek;Australien
pl-k00133883;;561212;Yu-min Cho;Südkorea
pl-k00133933;;765504;Chris Brady;USA
pl-k00133968;;842420;Nathan-Dylan Saliba;Kanada
pl-k00134174;1000000.0;620560;Ivan Basic;Bosnien-Herzegowina
pl-k00134218;7000000.0;810096;Ismaël Gharbi;Tunesien
pl-k00134234;22000000.0;658536;Simon Adingra;Elfenbeinküste
pl-k00134321;;861852;Damián Bobadilla;Paraguay
pl-k00134333;11000000.0;745191;Ramón Sosa;Paraguay
pl-k00134390;;358418;Gabriel Ávalos;Paraguay
pl-k00134479;1200000.0;679423;Tarik Muharemović;Bosnien-Herzegowina
pl-k00134534;;888140;Nishan Velupillay;Australien
pl-k00134779;3500000.0;548254;Nathan Ngoy;Belgien
pl-k00135031;45000000.0;861410;Arda Güler;Türkei
pl-k00135040;;457738;Jovo Lukić;Bosnien-Herzegowina
pl-k00135043;4000000.0;891998;Antoine Mendy;Senegal
pl-k00135245;400000.0;504107;Edi Semedo;Kap Verde
pl-k00135290;800000.0;680218;Matthieu Epolo;DR Kongo
pl-k00135346;6000000.0;635645;Aurèle Amenda;Schweiz
pl-k00135361;2000000.0;853110;Hyun-jun Yang;Südkorea
pl-k00135484;6000000.0;798404;Alidu Seidu;Ghana
pl-k00135506;3500000.0;360412;Jordy Caicedo;Ecuador
pl-k00135523;1200000.0;295024;Samet Akaydin;Türkei
pl-k00135740;2500000.0;546712;Anis Slimane;Tunesien
pl-k00135744;6000000.0;514887;Aral Şimşir;Türkei
pl-k00135917;;530527;Merchas Doski;Irak
pl-k00136083;9000000.0;548729;Zeki Amdouni;Schweiz
pl-k00136321;;741098;César Yanis;Panama
pl-k00136435;5000000.0;434116;Alexander Prass;Österreich
pl-k00136538;;663961;Tyrick Bodak;Curacao
pl-k00136539;350000.0;433933;Kevin Felida;Curacao
pl-k00136686;1200000.0;646108;Louicius Deedson;Haiti
pl-k00136731;2000000.0;739769;Ilan Kebbal;Algerien
pl-k00136758;;677278;Ibrahim Adel;Ägypten
pl-k00136773;;617009;Alex Paulsen;Neuseeland
pl-k00136788;;225068;Alex Grant;Australien
pl-k00136888;600000.0;646991;Robin Roefs;Niederlande
pl-k00136965;;436372;Teboho Mokoena;Südafrika
pl-k00136970;;746781;Evidence Makgopa;Südafrika
pl-k00137012;75000.0;150788;Yahya Al-Shehri;Saudi-Arabien
pl-k00137164;;1239247;Belmar Joseph;Haiti
pl-k00137173;3500000.0;645589;Elias Achouri;Tunesien
pl-k00137174;650000.0;820252;Benchimol;Kap Verde
pl-k00137234;;889435;Obed Vargas;Mexiko
pl-k00137302;5000000.0;592403;Adem Zorgane;Algerien
pl-k00137656;650000.0;291758;Ahmet Oğuz;Türkei
pl-k00137668;1500000.0;230921;Mortadha Ben Ouanes;Tunesien
pl-k00137741;2000000.0;408563;Jerome Opoku;Ghana
pl-k00137760;32000000.0;876631;Habib Diarra;Senegal
pl-k00137800;;526466;Elias Saad;Tunesien
pl-k00138529;65000000.0;792380;Aleksandar Pavlovic;Deutschland
pl-k00138530;14000000.0;900909;Paul Wanner;Österreich
pl-k00138680;1200000.0;572519;Ar'jany Martha;Curacao
pl-k00138684;14000000.0;921655;Ismaël Koné;Kanada
pl-k00138719;40000000.0;742201;Giuliano Simeone;Argentinien
pl-k00138744;40000000.0;646740;Gavi;Spanien
pl-k00138868;750000.0;579294;Aimar Sher;Irak
pl-k00139020;;710969;Samed Bazdar;Bosnien-Herzegowina
pl-k00139075;3500000.0;603149;Mohammad Mohebi;Iran
pl-k00139246;;673513;Mohamed Belhadj Mahmoud;Tunesien
pl-k00139251;;682225;Ahmad Assaf;Jordanien
pl-k00139300;4000000.0;579263;Augustine Boakye;Ghana
pl-k00139302;32000000.0;746910;Mohamed Amoura;Algerien
pl-k00139304;55000000.0;557459;Micky van de Ven;Niederlande
pl-k00139305;32000000.0;894914;Antonio Nusa;Norwegen
pl-k00139390;4500000.0;652537;Gue-sung Cho;Südkorea
pl-k00140663;;799993;Ayoube Amaimouni-Echghouyab;Marokko
pl-k00140879;70000000.0;708265;Bradley Barcola;Frankreich
pl-k00140950;100000.0;913660;Redouane Halhal;Marokko
pl-k00140953;;827734;Ange-Yoan Bonny;Elfenbeinküste
pl-k00141102;45000000.0;776890;Nicolas Jackson;Senegal
pl-k00141205;;549378;Sander Tangvik;Norwegen
pl-k00141214;5000000.0;485395;Gustaf Lagerbielke;Schweden
pl-k00141222;;833817;Ahmed Qasem;Irak
pl-k00141224;3000000.0;633454;Alexander Bernhardsson;Schweden
pl-k00141284;45000000.0;745200;Maghnes Akliouche;Frankreich
pl-k00141367;18000000.0;655006;Diego Moreira;Belgien
pl-k00141370;110000000.0;670681;João Neves;Portugal
pl-k00141474;40000000.0;552955;Santiago Gimenez;Mexiko
pl-k00141476;;602324;Érik Lira;Mexiko
pl-k00141489;;185372;Igor Sergeev;Usbekistan
pl-k00141673;6000000.0;956920;Nestory Irankunda;Australien
pl-k00143231;;867137;Alessandro Circati;Australien
pl-k00143329;1000000.0;834397;Mike Penders;Belgien
pl-k00143335;3000000.0;686845;Zidane Iqbal;Irak
pl-k00143407;10000000.0;539798;Luca Jaquez;Schweiz
pl-k00143445;;964580;Wesley;Brasilien
pl-k00143483;40000000.0;632349;Jarell Quansah;England
pl-k00143488;4000000.0;844637;Marc Pubill;Spanien
pl-k00143512;10000000.0;719673;Ben Gannon-Doak;Schottland
pl-k00143529;3000000.0;566025;Mohamed Abdelmonem;Ägypten
pl-k00143531;;340303;Hamdy Fathy;Ägypten
pl-k00143569;;724809;Finn Surman;Neuseeland
pl-k00143575;;598506;Soufiane Rahimi;Marokko
pl-k00143579;;623965;João Paulo;Kap Verde
pl-k00143659;8000000.0;688707;Salis Abdul Samed;Ghana
pl-k00143899;5000000.0;847279;Oumar Diakité;Elfenbeinküste
pl-k00143945;2000000.0;628834;Danley Jean Jacques;Haiti
pl-k00144041;;971570;Endrick;Brasilien
pl-k00144238;;901181;Musab Al-Juwayr;Saudi-Arabien
pl-k00144265;;983578;Patrick Beach;Australien
pl-k00144394;;848856;Junnosuke Suzuki;Japan
pl-k00144510;;908728;Si-woo Jin;Südkorea
pl-k00144518;90000000.0;914562;Désiré Doué;Frankreich
pl-k00144561;;985806;Alex Freeman;USA
pl-k00144605;;972465;Tani Oluwaseyi;Kanada
pl-k00144663;30000000.0;654982;Bilal El Khannouss;Marokko
pl-k00144754;25000000.0;805714;Renato Veiga;Portugal
pl-k00144841;25000000.0;996897;Diego Gómez;Paraguay
pl-k00144871;13000000.0;849410;Valentín Barco;Argentinien
pl-k00145410;6000000.0;893661;Joel Ordóñez;Ecuador
pl-k00145425;3000000.0;897051;Alan Minda;Ecuador
pl-k00145451;800000.0;668495;Marcelo Flores;Kanada
pl-k00145456;;356042;Carlos Acevedo;Mexiko
pl-k00145459;;687558;Israel Reyes;Mexiko
pl-k00145558;;661269;Matías Galarza;Paraguay
pl-k00145676;12000000.0;955070;Ernest Nuamah;Ghana
pl-k00145891;5000000.0;727089;Noah Sadiki;DR Kongo
pl-k00146019;50000.0;931668;Elias Benkara;Algerien
pl-k00146045;22000000.0;743384;Chemsdine Talbi;Marokko
pl-k00146190;25000000.0;910905;Mamadou Sarr;Senegal
pl-k00146196;50000000.0;810092;Warren Zaïre-Emery;Frankreich
pl-k00146292;45000000.0;816585;Can Uzun;Türkei
pl-k00146999;6000000.0;392179;Hjalmar Ekdal;Schweden
pl-k00147020;2000000.0;750903;Jaouen Hadjam;Algerien
pl-k00147223;9000000.0;331059;Luis Chávez;Mexiko
pl-k00147419;7000000.0;903611;Nilson Angulo;Ecuador
pl-k00147672;4500000.0;500054;David Jurásek;Tschechien
pl-k00147673;;493758;David Doudera;Tschechien
pl-k00147699;;611049;Lukas Cerv;Tschechien
pl-k00147716;;405855;Mojmír Chytil;Tschechien
pl-k00147775;;944827;Stepan Chaloupek;Tschechien
pl-k00147820;45000000.0;974982;Ousmane Diomande;Elfenbeinküste
pl-k00147890;7000000.0;620217;Robin Hranac;Tschechien
pl-k00147896;;668167;Samir Chergui;Algerien
pl-k00147948;800000.0;911985;Mohamed Koné;Elfenbeinküste
pl-k00147960;3500000.0;763182;Josué Casimir;Haiti
pl-k00148046;;679709;Steve Kapuadi;DR Kongo
pl-k00148180;3500000.0;395685;Gédéon Kalulu;DR Kongo
pl-k00148187;15000000.0;855015;Farès Chaïbi;Algerien
pl-k00148383;;611855;Sidny Lopes Cabral;Kap Verde
pl-k00148545;600000.0;840254;Nadhir Benbouali;Algerien
pl-k00148588;;647384;Thelo Aasgaard;Norwegen
pl-k00148743;700000.0;164915;Lionel Mpasi-Nzau;DR Kongo
pl-k00148899;;708989;Deveron Fonville;Curacao
pl-k00149092;2500000.0;418651;Yahia Fofana;Elfenbeinküste
pl-k00149093;3000000.0;592979;Himad Abdelli;Algerien
pl-k00149102;10000000.0;743515;Robin Risser;Frankreich
pl-k00149128;7000000.0;1072017;Wagner Pina;Kap Verde
pl-k00149146;600000.0;905011;Ibrahim Maza;Algerien
pl-k00149335;25000000.0;415381;Mats Wieffer;Niederlande
pl-k00149496;;676411;Dailon Livramento;Kap Verde
pl-k00149895;;784575;Mehdi Dorval;Algerien
pl-k00150098;18000000.0;711980;Guéla Doué;Elfenbeinküste
pl-k00150138;5000000.0;925862;Esmir Bajraktarevic;Bosnien-Herzegowina
pl-k00150653;25000000.0;661207;Oscar Bobb;Norwegen
pl-k00150687;25000000.0;503075;Isak Hien;Schweden
pl-k00150715;25000000.0;739443;Igor Thiago;Brasilien
pl-k00150818;;1051609;Raymond Asante;Ghana
pl-k00150839;;549440;Jacob Widell Zetterström;Schweden
pl-k00151785;;264909;Ali Lajami;Saudi-Arabien
pl-k00151835;12000000.0;689637;Chadi Riad;Marokko
pl-k00151939;40000000.0;820374;Kobbie Mainoo;England
pl-k00151949;4500000.0;787907;Benjamin Tahirović;Bosnien-Herzegowina
pl-k00151950;150000.0;814848;Owen Goodman;Kanada
pl-k00151955;30000000.0;667287;Yasin Ayari;Schweden
pl-k00151994;;886183;Nawaf Al-Aqidi;Saudi-Arabien
pl-k00151999;;735813;Jassem Gaber;Katar
pl-k00152040;65000000.0;948294;Nico Paz;Argentinien
pl-k00152043;40000000.0;743413;Nico O'Reilly;England
pl-k00152134;;844797;José Manuel López;Argentinien
pl-k00152144;35000000.0;904802;Jorrel Hato;Niederlande
pl-k00152225;;715653;Besfort Zeneli;Schweden
pl-k00152229;;1057849;Zakaria Hawsawi;Saudi-Arabien
pl-k00152337;5000000.0;684159;Kevin Rodríguez;Ecuador
pl-k00152382;1300000.0;380744;Egil Selvik;Norwegen
pl-k00152578;150000.0;331975;Jeppe Simonsen;Haiti
pl-k00152897;12000000.0;1016015;Ngal'ayel Mukau;DR Kongo
pl-k00153055;4000000.0;624913;Parfait Guiagon;Elfenbeinküste
pl-k00153445;5000000.0;957461;Andrés Gómez;Kolumbien
pl-k00153481;3000000.0;936981;Gustavo Puerta;Kolumbien
pl-k00153492;40000000.0;866246;Lucas Bergvall;Schweden
pl-k00153529;;734676;Jonas Adjetey;Ghana
pl-k00153662;25000000.0;643574;Kaishu Sano;Japan
pl-k00153748;;708005;Tyrese Noslin;Curacao
pl-k00153779;30000000.0;927353;Johan Manzambi;Schweiz
pl-k00154062;3000000.0;724129;Matias Fernandez-Pardo;Belgien
pl-k00154134;;993063;Max Arfsten;USA
pl-k00154187;8000000.0;1089202;Moïse Bombito;Kanada
pl-k00154861;;597728;Marcel Ruiz;Mexiko
pl-k00155533;30000000.0;918969;Lamine Camara;Senegal
pl-k00155566;350000.0;1015401;Paul Reverson;Ghana
pl-k00155772;120000000.0;937958;Lamine Yamal;Spanien
pl-k00155823;40000000.0;892160;Luka Vuskovic;Kroatien
pl-k00155858;4000000.0;893659;Yaimar Medina;Ecuador
pl-k00155860;;1052439;Kendry Páez;Ecuador
pl-k00155868;30000000.0;668207;Petar Sučić;Kroatien
pl-k00156015;60000000.0;1075147;Lennart Karl;Deutschland
pl-k00156130;;1012564;Rayan;Brasilien
pl-k00156476;;698415;José Córdoba;Panama
pl-k00156642;;1074501;Cristhian Loor;Ecuador
pl-k00156656;5500000.0;941418;Denil Castillo;Ecuador
pl-k00156668;35000000.0;763079;Abdukodir Khusanov;Usbekistan
pl-k00156671;;989069;Jakhongir Urozov;Usbekistan
pl-k00156678;600000.0;837432;Umarali Rakhmonaliev;Usbekistan
pl-k00156680;;989068;Sherzod Esanov;Usbekistan
pl-k00156869;;912081;Jun-ho Bae;Südkorea
pl-k00157020;30000000.0;962110;Pau Cubarsí;Spanien
pl-k00157077;;877672;Ali Jasim;Irak
pl-k00157528;4500000.0;661427;David Møller Wolfe;Norwegen
pl-k00157538;;1045375;Niko Sigur;Kanada
pl-k00157541;;432758;Toni Fruk;Kroatien
pl-k00157754;600000.0;981196;Joaquin Seys;Belgien
pl-k00157847;5000000.0;857948;Kevin Castaño;Kolumbien
pl-k00157873;;1086701;Jussef Nasrawe;Irak
pl-k00158117;;860998;Azarias Londoño;Panama
pl-k00158296;12000000.0;1061282;Assane Diao;Senegal
pl-k00158506;;638990;Amar Memić;Bosnien-Herzegowina
pl-k00158727;500000.0;255788;Cameron Burgess;Australien
pl-k00158935;8000000.0;901019;Neil El Aynaoui;Marokko
pl-k00159168;;393999;Florian Wiegele;Österreich
pl-k00159278;7000000.0;1072017;Wagner Pina;Kap Verde
pl-k00159373;7000000.0;864306;Rafik Belghali;Algerien
pl-k00159375;4500000.0;820474;Zakaria El Ouahdi;Marokko
pl-k00159415;3500000.0;1119447;Christopher Bonsu Baah;Ghana
pl-k00159775;400000.0;754040;Ruslanbek Jiyanov;Usbekistan
pl-k00159810;300000.0;921995;Luc De Fougerolles;Kanada
pl-k00159983;1200000.0;840836;Hélio Varela;Kap Verde
pl-k00160199;;971663;Jeremy Arévalo;Ecuador
pl-k00160498;;803049;Ermin Mahmic;Bosnien-Herzegowina
pl-k00160664;;854382;Monsef Bakrar;Algerien
pl-k00161073;;1069801;Olwethu Makhanya;Südafrika
pl-k00161351;1500000.0;570781;Ilay Camara;Senegal
pl-k00161633;40000000.0;1097139;Ayyoub Bouaddi;Marokko
pl-k00161642;16000000.0;1100642;Yusuf Akçiçek;Türkei
pl-k00162106;;1109358;Lachlan Bayliss;Neuseeland
pl-k00162762;500000.0;1051589;Kasra Taheri;Iran
pl-k00162785;;578419;Federico Viñas;Uruguay
pl-k00162898;8000000.0;929994;Kerim Alajbegovic;Bosnien-Herzegowina
pl-k00163051;;258304;Ricardo Goss;Südafrika
pl-k00163067;;399068;Nkosinathi Sibisi;Südafrika
pl-k00163078;;450806;Khuliso Mudau;Südafrika
pl-k00163084;;804472;Jayden Adams;Südafrika
pl-k00163113;;560952;Ahmed Basil Fadhil;Irak
pl-k00163114;;949320;Ahmed Yahya;Irak
pl-k00163117;;437982;Oussama Benbout;Algerien
pl-k00163118;;592396;Mohamed Amine Tougai;Algerien
pl-k00163127;;560957;Ibrahim Bayesh;Irak
pl-k00163129;;303766;Amir Al-Ammari;Irak
pl-k00163131;;1032334;Haydeer Abdulkareem;Irak
pl-k00163134;;401054;Aymen Hussein;Irak
pl-k00163135;2000000.0;610581;Ali Al-Hamadi;Irak
pl-k00163293;;882197;Abdallah Nasib;Jordanien
pl-k00163294;;883111;Mohannad Abu Taha;Jordanien
pl-k00163295;;734751;Nizar Al-Rashdan;Jordanien
pl-k00163300;;664057;Ali Olwan;Jordanien
pl-k00163301;;561485;Noor Al-Rawabdeh;Jordanien
pl-k00163310;;261842;Rajaei Ayed;Jordanien
pl-k00163312;;261850;Yazeed Abulaila;Jordanien
pl-k00163313;;401086;Mahmoud Al-Mardi;Jordanien
pl-k00163335;;570272;Abdulla Abdullaev;Usbekistan
pl-k00163337;;527866;Abduvokhid Nematov;Usbekistan
pl-k00163340;;608537;Sherzod Nasrullaev;Usbekistan
pl-k00163342;;312690;Botirali Ergashev;Usbekistan
pl-k00163343;;493725;Umar Eshmurodov;Usbekistan
pl-k00163345;;431911;Aziz Ganiev;Usbekistan
pl-k00164025;;347932;Guillermo Martínez;Mexiko
pl-k00164068;8000000.0;1130514;Samir El Mourabet;Marokko
pl-k00164170;;670659;Ahmed Al-Ganehi;Katar
pl-k00164204;;737524;Hossam Abdelmaguid;Ägypten
pl-k00164206;;658805;Abdallah Al-Fakhouri;Jordanien
pl-k00164207;;658807;Saleem Obaid;Jordanien
pl-k00164234;;931147;Zaid Tahseen;Irak
pl-k00164244;1200000.0;625142;Zineddine Belaid;Algerien
pl-k00164281;;177956;Ahmed Al-Kassar;Saudi-Arabien
pl-k00164282;;478192;Mehdi Ghayedi;Iran
pl-k00164297;;933541;Akam Hashem;Irak
pl-k00164331;;741580;Dario Naamo;Irak
pl-k00164366;1300000.0;287700;Mohamed Fares;Algerien
pl-k00164398;;1111589;El Hadji Malick Diouf;Senegal
pl-k00164434;;963314;Abdihakim Ali;Schweden
pl-k00164504;;1151929;Gessime Yassine;Marokko
pl-k00165013;2000000.0;917911;Anis Hadj Moussa;Algerien
pl-k00165535;2500000.0;1144627;Kento Shiogai;Japan
pl-k00165936;;663153;Marko Farji;Irak
pl-k00165980;800000.0;856087;Mohammad Ghorbani;Iran
pl-k00166081;;966312;Sohaib Naïr;Algerien
pl-k00166588;;585747;Juan Portilla;Kolumbien
pl-k00166769;;403809;Jiovany Ramos;Panama
pl-k00166848;;970518;Álex Arce;Paraguay
pl-k00167795;;609691;Wilguens Paugain;Haiti
pl-k00168538;;802855;Raúl Rangel;Mexiko
pl-k00168586;1000000.0;923177;Edgardo Fariña;Panama
pl-k00168935;;952341;Mustafa Saadoon;Irak
pl-k00169048;;707347;Christophe Kabongo;Tschechien
pl-k00169114;;729390;Mahmoud Saber;Ägypten
pl-k00169120;;891672;Gustavo Caballero;Paraguay
pl-k00169163;1500000.0;1007720;Tyler Bindon;Neuseeland
pl-k00169646;;1240763;Caleb Yirenkyi;Ghana
pl-k00169695;3000000.0;1017261;Amin Chiakha;Algerien
pl-k00169738;;826103;Alexandr Sojka;Tschechien
pl-k00170043;5000000.0;748445;Yassine Titraoui;Algerien
pl-k00170138;13000000.0;888785;Promise David;Kanada
pl-k00171059;;464469;Torbjørn Heggem;Norwegen
pl-k00171525;25000000.0;1185888;Ibrahim Mbaye;Senegal
pl-k00172054;;1063292;Deniz Gül;Türkei
pl-k00172178;;1279526;Christ Inao Oulaï;Elfenbeinküste
pl-k00172237;3500000.0;734799;Prince Adu;Ghana
pl-k00172933;750000.0;1082993;Findlay Curtis;Schottland
pl-k00173156;;207061;Francis de Vries;Neuseeland
pl-k00173161;;1279984;Lucas Herrington;Australien
pl-k00173746;1000000.0;819566;Nidal Celik;Bosnien-Herzegowina
pl-k00174370;;935231;Víctor Muñoz;Spanien
pl-k00174671;;916623;Keisuke Goto;Japan
pl-k00174699;;1155723;Gilberto Mora;Mexiko
pl-k00174794;25000000.0;1067904;Bazoumana Touré;Elfenbeinküste
pl-k00176299;45000000.0;1390649;Yan Diomande;Elfenbeinküste
pl-k00176354;;743088;Henrik Falchener;Norwegen
pl-k00176368;;1175086;Samukele Kabini;Südafrika
pl-k00177011;;869509;Moteb Al-Harbi;Saudi-Arabien
pl-k00177016;;337884;Iqraam Rayners;Südafrika
pl-k00177713;;1206877;Hugo Sochurek;Tschechien
pl-k00177919;;1066953;Mateo Chávez;Mexiko
pl-k00177969;;821377;Nawaf Boushal;Saudi-Arabien
pl-k00177972;;901079;Ziyad Al-Johani;Saudi-Arabien
pl-k00177974;;270377;Abdullah Al-Salem;Saudi-Arabien
pl-k00177978;;672391;Ali Majrashi;Saudi-Arabien
pl-k00177981;;443379;Jorge Gutiérrez;Panama
pl-k00178067;;1273985;Rayan Elloumi;Tunesien
pl-k00179915;;1142382;Ibrahim Sabra;Jordanien
pl-k00180202;;1113451;Kojo Peprah Oppong;Ghana
pl-k00180334;;953150;Hazem Mastouri;Tunesien
pl-k00181348;;1071742;Adem Arous;Tunesien
pl-k00181848;;1064377;Paul Okon-Engstler;Australien
pl-k00182019;;1371519;Alexandro Maidana;Paraguay
pl-k00182504;;210349;Sultan Mandash;Saudi-Arabien
pl-k00182644;;901129;Saleh Abu Al-Shamat;Saudi-Arabien
pl-k00182788;;1181852;Mohammed Abu Al-Shamat;Saudi-Arabien
pl-k00182789;;901334;Jehad Thakri;Saudi-Arabien
pl-k00182969;2000000.0;217886;Óscar Romero;Paraguay
pl-k00183117;;261837;Noureddin Bani Attiah;Jordanien
pl-k00183122;;658052;Mohammad Abualnadi;Jordanien
pl-k00183124;;561481;Saed Al-Rosan;Jordanien
pl-k00183130;;744040;Amer Jamous;Jordanien
pl-k00183135;;677986;Shararh;Jordanien
pl-k00183139;;1059056;Ali Azaizeh;Jordanien
pl-k00183142;;658805;Abdallah Al-Fakhouri;Jordanien
pl-k00183298;;562022;Akmal Mozgovoy;Usbekistan
pl-k00183407;400000.0;504107;Edi Semedo;Kap Verde
pl-k00184849;;669629;Mahmoud Abunada;Katar
pl-k00184850;;1054631;Ayoub Al-Oui;Katar
pl-k00184851;;1143849;Tahsin Mohammed Jamshid;Katar
pl-k00184852;;822935;Mohamed Al-Mannai;Katar
pl-k00185671;;1312046;Benjamin;Ghana
pl-k00186204;;895291;Husam Abu Dahab;Jordanien
pl-k00186316;;943150;Al-Hashmi Al-Hussain;Katar
pl-k00186356;;837619;Armando González;Mexiko
pl-k00186383;;518804;Youssef Belammari;Marokko
pl-k00186771;;453370;Sipho Chaine;Südafrika
pl-k00186772;;1109254;Thabang Matuludi;Südafrika
pl-k00186773;;1378320;Mbekezeli Mbokazi;Südafrika
pl-k00186804;;1283140;Khulumani Ndamane;Südafrika
pl-k00186805;;735697;Thalente Mbatha;Südafrika
pl-k00186806;;1125037;Relebohile Mofokeng;Südafrika
pl-k00186807;;844485;Tshepang Moremi;Südafrika
pl-k00187286;;748443;Adil Boulbina;Algerien
pl-k00187495;;1156479;Redouane Berkane;Algerien
pl-k00187691;;1497653;Bara Sapoko Ndiaye;Senegal
pl-k00192544;;1241373;Bruno Caicedo;Ecuador
pl-k00193378;;295381;Sabri Ben Hessen;Tunesien
pl-k00194142;;1018449;Adam Stroud;Schweden
pl-k00194337;;994370;Kamogelo Sebelebele;Südafrika
pl-k00194341;;1264176;Issa Laye;Katar
pl-k00194733;100000.0;838947;Alexandre Pierre;Haiti
pl-k00195271;;945266;Manaf Younis;Irak
pl-k00195273;;1132850;Zaid Ismail;Irak
pl-k00195274;;576265;Ali Yousif;Irak
pl-k00195395;;883111;Mohannad Abu Taha;Jordanien
pl-k00195396;;310801;Mohammad Al-Dawoud;Jordanien
pl-k00195446;;1034598;Moutaz Neffati;Tunesien
pl-k00195655;;949929;Achref Abada;Algerien
pl-k00195663;;184818;Mohamed Awad;Ägypten
pl-k00196610;5500000.0;941418;Denil Castillo;Ecuador
pl-k00199799;;185363;Almahdi Ali;Katar
pl-k00200613;;543435;Maytham Jabbar;Irak
pl-k00200616;;619087;Karar Nabeel;Irak
pl-k00201006;;242991;Luis Caicedo;Ecuador
pl-k00201011;;538764;Avazbek Ulmasaliev;Usbekistan
